parcela,año,valor_medio_MNDWI,inundacion_Relativa_Std
Laguna del Acebuche,2005,-0.2704945197031087,1
Pajas (Acebuche),2005,-0.6008064638004702,0
El Huerto,2005,-0.6032365193727331,0
La Rocina,2005,-0.2019340736811843,0.2412610783454843
Los Mimbrales (Parque Nacional),2005,-0.5547231091822706,7.033709341188945e-4
Charco del Toro,2005,-0.6266338000570361,0
Zahíllo,2005,-0.5734154743221758,0.07248321154245078
El Taraje,2005,-0.5774377989581216,0
La Sanguijuela,2005,-0.6105687574708842,0
Hato Blanco nuevo,2005,-0.27452222443422797,0
Hato Blanco viejo,2005,-0.2055487169239932,0.2193758680613531
Entremuros zona 1,2005,-0.3779639734527107,0.08524819964085632
Entremuros zona 2,2005,-0.43403108421093434,0.08357938142446346
Entremuros zona 3,2005,-0.40606124255077336,0.07056069491110327
Entremuros zona 4,2005,-0.48274106055826527,0.0670000908893594
Entremuros zona 5,2005,-0.5444859568900857,0.0012075908714381303
"Brazo de la Torre, Parque Natural",2005,-0.4006996363257008,0.16604215130062555
Veta Adalid,2005,-0.39976791286296753,0.019185294924926617
Cantarita,2005,0.02064113379176273,0.36522036103252353
Lucio del Cortijo,2005,0.4022290955024237,0.8599671539201329
Gaveta 3,2005,0.6886952988282689,0.6030351425574453
C1,2005,0.5672587915677832,0.9435538960166708
C8,2005,0.2966762999474431,0.6381528399880909
C7,2005,0.5621222404754094,0.6969589787473833
C6,2005,0.6136484558936273,0.3158532026548852
D5,2005,0.6789142362438175,0.6322271437811253
C4,2005,0.622883245936125,0.8128305794081597
E3,2005,0.5393916601340579,0.7407464038280381
E4,2005,0.6058333520387408,0.6585432256846233
D6,2005,0.5711176294998599,0.8443572805610132
C5,2005,0.6796699935628674,0.9725577642772031
D4,2005,0.6984784041019917,0.5907474697070334
D3,2005,0.6783201932928498,0.7964728226439521
C3,2005,0.51909933083665,0.72575748551157
C2,2005,0.42539444873904486,0.9278865136543449
C0,2005,0.37954441126732,0.8053937253544332
La Dehesilla,2005,0.5897939822542504,0.04084655833168136
San Carlos,2005,-0.030889673809041462,0.3391795741250519
Santa Teresa,2005,0.49691487314827626,0.628404736341783
Los Portugueses,2005,0.6098909641979745,0.21783318439241212
Los Riacheros,2005,-0.2954406707772208,0.004673738520765916
Laguna del Tarelo,2005,0.4110244901266958,0.8540581969005857
Marisma de Henares,2005,-0.24301786372812695,0.03704581364889273
Lagunas de Bonanza,2005,-0.11560535168889773,0.6627129259925749
Lucio del Cuquero Grande,2005,0.7834375067345603,0.9226031675336605
Esparragosilla,2005,0.38155234657238946,0.8920981471006774
Marisma del Rocío,2005,0.45528939442223215,0.7008046444325114
Lucio del Bocón,2005,0.22031416245616584,0.7555768967438539
Gaveta 1,2005,0.6807193141038728,0.7331625361137906
Gaveta 4,2005,0.7551582089878227,0.7739786775951025
Gaveta 2,2005,0.6261033605239779,0.3276241694016041
Arrozal de Tarfia,2005,-0.22607485197956917,0.12593296859149344
Lucio del Cuquero Chico,2005,-0.33092886754690154,0.14133891990593236
Almajal-Perimetro-Pasto,2005,-0.3642455445095392,0.07506157871460588
Arrozal del italiano,2005,-0.26594686178931,0.09097872775998003
B5,2005,0.5608936899488477,0.8414502576382294
B9,2005,-0.28637742252586346,0.5784339844772397
B1,2005,0.5735907297715283,0.7751214013462451
A3,2005,0.6193421509639317,0.37764511804205203
B6,2005,0.611487671587982,0.5161667681844848
B8,2005,0.5116045489411749,0.7956964390307348
A9,2005,-0.26627334029386324,0.9586767137829331
B7,2005,0.658791692903727,0.7245369936021648
A4,2005,0.5175949005708238,0.2950908453194541
B2,2005,0.5913690769284904,0.8993437122013774
A8,2005,0.5134001346761226,0.7565190207062593
A7,2005,0.5871503508734791,0.6463229565188352
A6,2005,0.6172852967554984,0.494603681005285
A5,2005,0.23539522604439303,0
B4,2005,0.6550583616530486,0.930230614137954
B3,2005,0.5951029416057262,0.8918805926455153
A2,2005,0.49655069283655817,0.1578935367243957
A1,2005,0.6242162766631683,0.652072277832489
Arrozal del Turismo,2005,-0.3661835303913857,0.11379178138024869
Caracoles Oeste,2005,-0.43631093376100344,0.1571914765704692
Caracoles Este,2005,-0.3903545535916803,0.1619239119944481
Veta hornito,2005,-0.3410444562037396,0.3260284211343449
Guadiamar encauzado,2005,-0.3134660015327551,0.13311072392252346
Lucios FAO,2005,0.49294588138978873,0.9168983311509253
Lucio del Lobo Grande,2005,0.7592318795410661,0.8739193958861973
Lucio de Marilópez Grande,2005,0.4538173962436616,0.5949853605586708
Marisma gallega,2005,-0.38059356891206025,0.09179731478124517
Laguna de los Guayules,2005,-0.569288424828473,0.13691829141290476
Laguna Dulce,2005,-0.17659129067379042,0.5602168463485578
Laguna de los Mimbrales,2005,-0.4518734480106386,0.18220949939259098
Las Pajas (RBD),2005,-0.4967192788401714,0.1875632895939422
Laguna de Santa Olalla,2005,-0.02336241736048083,0.6164533974597972
Laguna del Acebuche,2006,-0.31395826997338205,0.8496908342485668
Pajas (Acebuche),2006,-0.5948897318494227,0.05046858094547756
El Huerto,2006,-0.6023023685127379,0.00548676053891853
La Rocina,2006,-0.1832353554232472,0.28938478179930216
Los Mimbrales (Parque Nacional),2006,-0.5198600511080287,0.20685717463260578
Charco del Toro,2006,-0.6204648151343815,0.04462101335397254
Zahíllo,2006,-0.5301611305644904,0.2837177325414772
El Taraje,2006,-0.5328399787884562,0.3783955096158274
La Sanguijuela,2006,-0.5117496991901457,0.31137566072375233
Hato Blanco nuevo,2006,-0.14865007807089886,0.3346106998226271
Hato Blanco viejo,2006,-8.171682221972431e-4,0.5178510427811802
Entremuros zona 1,2006,-0.3129017817156739,0.16445361768973885
Entremuros zona 2,2006,-0.3678105556075687,0.15296825837413272
Entremuros zona 3,2006,-0.29968558454406447,0.1708419546820556
Entremuros zona 4,2006,-0.4513847035095451,0.10282093180961527
Entremuros zona 5,2006,-0.5157518206219376,0.060117483520723235
"Brazo de la Torre, Parque Natural",2006,-0.3571093050581013,0.25235031988476214
Veta Adalid,2006,-0.26964224305465156,0.23007527245091566
Cantarita,2006,0.11147164540753104,0.47472245176405115
Lucio del Cortijo,2006,0.461106718407107,0.9222740519566532
Gaveta 3,2006,0.725663911078701,0.8058592258506622
C1,2006,0.6053956291236793,1
C8,2006,0.3622579853539109,0.720930880361981
C7,2006,0.5902037817040328,0.7732390519997729
C6,2006,0.6385536575081078,0.48042439084166083
D5,2006,0.7197782698722472,0.7960315003598976
C4,2006,0.6934056550783296,1
E3,2006,0.612023261475988,0.920713189987333
E4,2006,0.6748289930598158,0.8711035490306972
D6,2006,0.618961438369706,0.903920015428204
C5,2006,0.6587177188216812,0.9466556904139709
D4,2006,0.7504050201591349,0.7901195663477825
D3,2006,0.7076736397353394,0.8973621349471119
C3,2006,0.5683298783952446,0.7979308503582452
C2,2006,0.4777010001616941,1
C0,2006,0.38826496699287266,0.8168204724093784
La Dehesilla,2006,0.6374431192149191,0.41084031235607676
San Carlos,2006,0.06147270793049378,0.5293831435574147
Santa Teresa,2006,0.5573886994334845,0.8108506921062456
Los Portugueses,2006,0.6660181785545485,0.43340109705064617
Los Riacheros,2006,-0.2895098644929756,0.026972906892932618
Laguna del Tarelo,2006,0.423702240073063,0.8818472747400523
Marisma de Henares,2006,-0.15207812991831351,0.20997343083212963
Lagunas de Bonanza,2006,-0.13757280385918166,0.5509654045995651
Lucio del Cuquero Grande,2006,0.7943234151224179,0.9324625371435965
Esparragosilla,2006,0.43857464773588944,1
Marisma del Rocío,2006,0.53179664316755,0.8269021259824373
Lucio del Bocón,2006,0.302556653493544,0.8734778075948851
Gaveta 1,2006,0.7123430261873089,1
Gaveta 4,2006,0.7994252815167914,1
Gaveta 2,2006,0.6869006021279298,0.7044972570062495
Arrozal de Tarfia,2006,-0.20538371333633823,0.15351807850451055
Lucio del Cuquero Chico,2006,-0.08952981464962113,0.48932950848877216
Almajal-Perimetro-Pasto,2006,-0.25249191680644006,0.28368395269567004
Arrozal del italiano,2006,-0.21511968250525623,0.1452531922903651
B5,2006,0.6244042297965623,0.9347741622935274
B9,2006,-0.2652165868201978,0.6441285673088603
B1,2006,0.616192075277611,1
A3,2006,0.6871355464187379,0.7091457127795651
B6,2006,0.6682099636604704,0.7794414669355016
B8,2006,0.39286602494166334,0.6566608573912783
A9,2006,-0.2651713403544102,0.9641031252296891
B7,2006,0.702982857048331,0.8280973168692908
A4,2006,0.5685323746660428,0.49929962275300993
B2,2006,0.6180605200590903,0.9365182319890789
A8,2006,0.5445576649807562,0.7913464494476723
A7,2006,0.638651129293592,0.7616079301192493
A6,2006,0.6227894863303525,0.5126105510372916
A5,2006,0.2807899243844437,0.10247559692516538
B4,2006,0.6829042916844389,0.9867392349652235
B3,2006,0.6391918872765795,0.9539274304049493
A2,2006,0.5831638770581865,0.566948831820448
A1,2006,0.6788581771036791,0.8706454877054208
Arrozal del Turismo,2006,-0.30991842620693466,0.21389274552095036
Caracoles Oeste,2006,-0.28438737441356826,0.34229485599124626
Caracoles Este,2006,-0.28254117439911386,0.2838948204597433
Veta hornito,2006,-0.3118834518416042,0.4065376996365504
Guadiamar encauzado,2006,-0.03697251311143196,0.33458733859497364
Lucios FAO,2006,0.5513337297736083,1
Lucio del Lobo Grande,2006,0.819522677878201,0.9203856100259847
Lucio de Marilópez Grande,2006,0.5538627299748909,0.6747790920058926
Marisma gallega,2006,-0.2519839105561626,0.20972662593684233
Laguna de los Guayules,2006,-0.4856241048546397,0.45340284756954397
Laguna Dulce,2006,-0.12990813308345403,0.714770951776408
Laguna de los Mimbrales,2006,-0.40670521389518954,0.26886138259771325
Las Pajas (RBD),2006,-0.4417942405532553,0.44248596329773066
Laguna de Santa Olalla,2006,-0.02392727081637257,0.6149073487281164
Laguna del Acebuche,2007,-0.37687019637670194,0.6321247219205636
Pajas (Acebuche),2007,-0.5291266452070319,0.6114150103081227
El Huerto,2007,-0.5612106803525404,0.24683991100977537
La Rocina,2007,-0.17842064148338427,0.3017761052398046
Los Mimbrales (Parque Nacional),2007,-0.5218738452201699,0.1949491166762599
Charco del Toro,2007,-0.5835201107485227,0.3118465242651892
Zahíllo,2007,-0.5386315901530183,0.24235186455263766
El Taraje,2007,-0.47596502113226624,0.8609578524572148
La Sanguijuela,2007,-0.44135453026951543,0.5331885641836291
Hato Blanco nuevo,2007,-0.19569429048555828,0.20955128601684528
Hato Blanco viejo,2007,-0.3289810359381506,0.039425668800730423
Entremuros zona 1,2007,-0.34352516829102775,0.12717331601197204
Entremuros zona 2,2007,-0.383610296613367,0.13641257228085893
Entremuros zona 3,2007,-0.3607874549115927,0.11324068903883192
Entremuros zona 4,2007,-0.4297302257596893,0.12755855045209935
Entremuros zona 5,2007,-0.4601865966029741,0.17403569395320884
"Brazo de la Torre, Parque Natural",2007,-0.2420024732136149,0.4802600319498359
Veta Adalid,2007,-0.27596224139751396,0.21983267919123153
Cantarita,2007,0.1426297295808829,0.5122855492241193
Lucio del Cortijo,2007,0.4308728707890972,0.8902792605936142
Gaveta 3,2007,0.7588226722669742,0.9877809949338823
C1,2007,0.5737484927542904,0.9531592637259733
C8,2007,0.31873360532520006,0.6659938523649872
C7,2007,0.5986581063722183,0.7962041912611229
C6,2007,0.6293683456051715,0.41972872906257896
D5,2007,0.6760391953957278,0.6207024807842892
C4,2007,0.6335531394240178,0.8411489225588957
E3,2007,0.6037509841244352,0.9002161178910052
E4,2007,0.5783006340907163,0.5737210058600303
D6,2007,0.6834569855491606,0.9842131874708964
C5,2007,0.596947815376079,0.8702931655169663
D4,2007,0.6771616740329258,0.5089019444234747
D3,2007,0.7191102246682118,0.9366702683628868
C3,2007,0.5708864899470996,0.8016789146689993
C2,2007,0.4708780613687225,0.9905934172660608
C0,2007,-0.18726406490141173,0.06269139196975576
La Dehesilla,2007,0.6277210472232677,0.3353487894759096
San Carlos,2007,0.05916455414979091,0.5246299195757448
Santa Teresa,2007,0.4554582076412749,0.5033324294306767
Los Portugueses,2007,0.5845250588247743,0.12041029717679909
Los Riacheros,2007,-0.2923350866995996,0.016350387347546534
Laguna del Tarelo,2007,0.02139168825756011,0
Marisma de Henares,2007,-0.03952154349150579,0.42400685135844446
Lagunas de Bonanza,2007,-0.10239095150093776,0.7299340336682931
Lucio del Cuquero Grande,2007,0.7990744362968697,0.936765538061352
Esparragosilla,2007,0.4233182981679332,0.9711307970167297
Marisma del Rocío,2007,0.4181984909102221,0.6396722733437916
Lucio del Bocón,2007,0.3581364464636515,0.9531556983473578
Gaveta 1,2007,0.6654219940799911,0.6040854034653969
Gaveta 4,2007,0.7371009643893837,0.6817809769123424
Gaveta 2,2007,0.6552548640857263,0.5083300183149834
Arrozal de Tarfia,2007,0.04272023238223076,0.4842864683214212
Lucio del Cuquero Chico,2007,0.00110749449392863,0.6199883912717543
Almajal-Perimetro-Pasto,2007,-0.16389288941181862,0.44908117341575116
Arrozal del italiano,2007,0.01897979078423564,0.3952301482930867
B5,2007,0.5877079743528505,0.8808518077922587
B9,2007,-0.29963263938067497,0.5372826824336083
B1,2007,0.5967013939201569,0.8971150545034938
A3,2007,0.6477954361711046,0.5167778595891519
B6,2007,0.5521046515500095,0.2405423859496619
B8,2007,0.4498374305630071,0.7233709043968611
A9,2007,-0.3282567876324225,0.6534610090395225
B7,2007,0.7664479172586398,0.9768252872400311
A4,2007,0.5069050118868115,0.25223498845104586
B2,2007,0.44155737319964167,0.690693392417331
A8,2007,0.55590148248669,0.8040264016769011
A7,2007,0.2984211754053831,0
A6,2007,0.5895743856698662,0.40394786917295106
A5,2007,0.2997579528743829,0.14529469503744705
B4,2007,0.6044515420673893,0.8275326049130387
B3,2007,0.493983105018673,0.7495735812277952
A2,2007,0.5413867071993638,0.36964431405615056
A1,2007,0.6341207580413302,0.691691219880605
Arrozal del Turismo,2007,-0.04002864225472257,0.6940523040419154
Caracoles Oeste,2007,-0.42623299770723655,0.16947041493362724
Caracoles Este,2007,-0.36342504893186073,0.19238966840128433
Veta hornito,2007,-0.3582828762148707,0.27843565854019253
Guadiamar encauzado,2007,-0.23422311320996608,0.19085381569405213
Lucios FAO,2007,0.01277037074632611,0.23347896600119944
Lucio del Lobo Grande,2007,0.21348744506964176,0.45331329251457886
Lucio de Marilópez Grande,2007,0.09771755264205122,0.3109687629922124
Marisma gallega,2007,-0.32770450311110955,0.14029422533448863
Laguna de los Guayules,2007,-0.4755272513445683,0.49159712444543285
Laguna Dulce,2007,-0.06247623297325471,0.9380179971088638
Laguna de los Mimbrales,2007,-0.4187476445650944,0.24575887889461928
Las Pajas (RBD),2007,-0.32167358056462503,1
Laguna de Santa Olalla,2007,0.11201305770460944,0.9869868151843157
Laguna del Acebuche,2008,-0.367070447027755,0.666014851972705
Pajas (Acebuche),2008,-0.568529661744453,0.2753148884726607
El Huerto,2008,-0.5919424835163324,0.06633582745119435
La Rocina,2008,-0.23129219622305425,0.16570394316237672
Los Mimbrales (Parque Nacional),2008,-0.5127318647432132,0.24900788698403095
Charco del Toro,2008,-0.5708373635980997,0.40358236688102134
Zahíllo,2008,-0.5640539095637708,0.1182008314564436
El Taraje,2008,-0.522415308719354,0.4668448627090502
La Sanguijuela,2008,-0.5687787966913285,0.13167881657388955
Hato Blanco nuevo,2008,-0.12888680464689553,0.38714815900047644
Hato Blanco viejo,2008,-0.35602408311872213,0
Entremuros zona 1,2008,-0.39736750926524106,0.06162672110429689
Entremuros zona 2,2008,-0.47171722415155654,0.04409013266429962
Entremuros zona 3,2008,-0.4420364219439729,0.036646579805854944
Entremuros zona 4,2008,-0.46643171607653455,0.0856315420265563
Entremuros zona 5,2008,-0.5201286719679521,0.05114418985602346
"Brazo de la Torre, Parque Natural",2008,-0.3568625316860389,0.2528389272703607
Veta Adalid,2008,-0.3985252639710491,0.021199211143574412
Cantarita,2008,0.11073536527674326,0.47383481816768436
Lucio del Cortijo,2008,0.4089292089176004,0.8670575095220968
Gaveta 3,2008,0.6450780702262522,0.36373418240600475
C1,2008,0.5301170142171562,0.8885805746607413
C8,2008,-0.2089063232254481,0
C7,2008,0.5749407517377786,0.7317788972881591
C6,2008,0.6107795636753863,0.2968958375050607
D5,2008,0.6814577955772974,0.6424230560062643
C4,2008,0.5743426292468721,0.68400175447993
E3,2008,0.5302602476703108,0.7181205643334764
E4,2008,0.5939959800444503,0.6220748983897791
D6,2008,0.5719450817377029,0.8453874100474005
C5,2008,0.5889092369062807,0.8603555403258071
D4,2008,0.6942768578996331,0.5746156448529859
D3,2008,0.6479632056223343,0.6921342872806737
C3,2008,0.49379425116935455,0.6886595282904329
C2,2008,0.429765979030575,0.9339134124158521
C0,2008,-0.2351082829064053,0
La Dehesilla,2008,0.5990394157500456,0.11263700124181772
San Carlos,2008,0.11964239871852587,0.649173068982482
Santa Teresa,2008,0.5355412830684306,0.744938329608995
Los Portugueses,2008,0.6181053414238638,0.24938216063632004
Los Riacheros,2008,-0.25460051378275395,0.15822816156516012
Laguna del Tarelo,2008,0.31878493804761615,0.6518731006929126
Marisma de Henares,2008,-0.04788156259922327,0.4081097498018539
Lagunas de Bonanza,2008,-0.11185544502272486,0.6817885462398239
Lucio del Cuquero Grande,2008,0.7375808522802789,0.8810707855558572
Esparragosilla,2008,0.08667683897101844,0.3341127099015434
Marisma del Rocío,2008,0.419494795125293,0.641808812031611
Lucio del Bocón,2008,-0.11271249569614186,0.27815767173537187
Gaveta 1,2008,0.5938300122241653,0
Gaveta 4,2008,0.7279293803050556,0.6349521842034735
Gaveta 2,2008,0.6529747316039806,0.494195815086801
Arrozal de Tarfia,2008,-0.32053510684520736,0
Lucio del Cuquero Chico,2008,-0.3223640787197145,0.1536855545314161
Almajal-Perimetro-Pasto,2008,-0.31950909281928563,0.15857586766373383
Arrozal del italiano,2008,-0.28231904184682866,0.07349612655461162
B5,2008,0.5379616335733983,0.807753346104114
B9,2008,-0.3062631585220937,0.5166979949944467
B1,2008,0.5932768876125469,0.8790382033996641
A3,2008,0.5739461134194666,0.1556645940727394
B6,2008,0.5595887725019437,0.27527969322417395
B8,2008,-0.16793244157668702,0
A9,2008,-0.3348210994947512,0.6211373620459516
B7,2008,0.6455072536916833,0.6934054123041484
A4,2008,0.5087389773912562,0.25958737213653993
B2,2008,0.5414385571217578,0.8298029576050978
A8,2008,-0.16340160365199732,0
A7,2008,0.609014460345042,0.6952659698198014
A6,2008,0.6061479440933332,0.45816800611420955
A5,2008,0.2818154164899465,0.10479057905955984
B4,2008,0.5819708200418345,0.7819117692852371
B3,2008,0.5311250551094036,0.8018438389144529
A2,2008,0.49232562448356654,0.13793945470483163
A1,2008,0.4612023898924434,0
Arrozal del Turismo,2008,-0.2983207621750059,0.23452609132566377
Caracoles Oeste,2008,-0.4560570738296116,0.13313281659096884
Caracoles Este,2008,-0.4337767553806555,0.11279971758157288
Veta hornito,2008,-0.30397362415211393,0.4283755798566334
Guadiamar encauzado,2008,-0.14218913844785833,0.25791757830123396
Lucios FAO,2008,0.2713963002214461,0.6015734743952015
Lucio del Lobo Grande,2008,-0.10721962073740052,0.20614384697823912
Lucio de Marilópez Grande,2008,-0.19419091304380348,0.07814965140143491
Marisma gallega,2008,-0.31888602572384733,0.14838037513859745
Laguna de los Guayules,2008,-0.4479080706035388,0.5960746862181042
Laguna Dulce,2008,-0.18251280627803623,0.5406124623644566
Laguna de los Mimbrales,2008,-0.4336203019543788,0.21722679664070457
Las Pajas (RBD),2008,-0.3843349696615971,0.7091707289642671
Laguna de Santa Olalla,2008,0.01778447034268088,0.7290756942388028
El Huerto,2009,-0.43298107385635376,1
La Rocina,2009,-0.0598345644084,0.6069735593212227
Los Mimbrales (Parque Nacional),2009,-0.3857301738713529,1
Hato Blanco nuevo,2009,-0.028378892764015812,0.6543321524772032
Hato Blanco viejo,2009,0.32990079788343674,1
Entremuros zona 1,2009,-0.24497797953979172,0.2471427033657107
Entremuros zona 2,2009,-0.35772406811853014,0.1635373379932843
Entremuros zona 3,2009,-0.31596682388619346,0.15549348847789718
Entremuros zona 4,2009,-0.4395706727228331,0.11631703139734109
Entremuros zona 5,2009,-0.49393188879536026,0.10485207479303058
"Brazo de la Torre, Parque Natural",2009,-0.24399885381456696,0.4763072298385764
Veta Adalid,2009,-0.15892580247306184,0.4095094125433633
Cantarita,2009,0.21181183349647267,0.5956890761359698
Lucio del Cortijo,2009,0.49883960546075934,0.9622046576823888
Gaveta 3,2009,0.5787804800522295,0
C1,2009,0.2945167231590547,0.5398700003223025
C8,2009,-0.20797817241875644,0.0011715237946874281
C7,2009,0.6216489962656586,0.8586561325891033
C6,2009,0.6519918008531959,0.5692223556828495
D5,2009,0.7706619936175634,1
C4,2009,0.3166218358026765,0
E3,2009,0.2404387330606995,0
E4,2009,0.3920746821188575,0
D6,2009,0.6234818464467787,0.909547658254858
C5,2009,0.5316566306191459,0.7895774861417026
D4,2009,0.7675829148488543,0.8560740448062766
D3,2009,0.5778529894784482,0.45116185135084236
C3,2009,0.02404913493145912,0
C2,2009,0.05583144178076545,0.4183809903250976
C0,2009,4.97114316379955e-4,0.3087192334493171
La Dehesilla,2009,0.6077821246596818,0.18052380667312942
San Carlos,2009,0.24403820251534555,0.9053436598544926
Santa Teresa,2009,0.28862284111553776,0
Los Portugueses,2009,0.813543001186463,1
Los Riacheros,2009,-0.20412158601884148,0.34802328477532296
Laguna del Tarelo,2009,0.25633061452428396,0.5149759332031542
Marisma de Henares,2009,-0.04608902332211926,0.41151837585463336
Lagunas de Bonanza,2009,-0.1103957251945488,0.6892140806833477
Lucio del Cuquero Grande,2009,0.8573332200419033,0.9895305312527615
Marisma del Rocío,2009,0.5271068854740626,0.8191725755943855
Lucio del Bocón,2009,0.2310627046404953,0.77098575532618
Gaveta 4,2009,0.6293321289839274,0.13152876232469654
Arrozal de Tarfia,2009,-0.2301948257978663,0.12044028244327805
Lucio del Cuquero Chico,2009,0.03478827196473631,0.6685411649273384
Almajal-Perimetro-Pasto,2009,-0.2125527984768504,0.3582425496010532
Arrozal del italiano,2009,-0.12237633962379228,0.24428672798036485
B5,2009,-0.01174587453350565,0
B9,2009,-0.279612021514621,0.5994374175790429
B6,2009,0.5961177745832109,0.44482788437150306
B8,2009,-0.126154011106742,0.04891999820038437
A9,2009,-0.25788137456180804,1
B7,2009,0.5392416242322913,0.4443759252558193
B2,2009,-0.05436304513182524,0
A8,2009,-0.1396417430265521,0.026558422466351112
A7,2009,0.631917409716369,0.7465344359409638
A6,2009,0.6055285050482541,0.45614152097488087
B4,2009,0.19666570907847908,0
B3,2009,-0.03864531074671223,0
Arrozal del Turismo,2009,-0.2121735306950232,0.3877901979898718
Caracoles Oeste,2009,-0.3203679460374503,0.29845619509046534
Caracoles Este,2009,-0.3112592640641496,0.251405610752515
Veta hornito,2009,-0.2724296120976179,0.5154639949206193
Guadiamar encauzado,2009,0.09673930278914052,0.43202111239980967
Lucios FAO,2009,0.4250861872284641,0.8203156690304858
Lucio del Lobo Grande,2009,0.779818747119615,0.889785727461759
Marisma gallega,2009,-0.19987269505114036,0.2575102825186992
Laguna de los Guayules,2009,-0.3411283366785329,1
Laguna de los Mimbrales,2009,-0.02559127822344782,1
Laguna del Acebuche,2010,-0.359974795535109,0.6905534950877236
Pajas (Acebuche),2010,-0.5446687873395561,0.47884353930502066
El Huerto,2010,-0.5805727640505141,0.1331161846452584
La Rocina,2010,0.09287792766372142,1
Los Mimbrales (Parque Nacional),2010,-0.5104296264247142,0.26262158620021164
Charco del Toro,2010,-0.5686428165469471,0.41945579087267215
Zahíllo,2010,-0.3967329848462601,0.9353200457443196
El Taraje,2010,-0.4694747216897398,0.9160255700221323
La Sanguijuela,2010,-0.2932059358198712,1
Hato Blanco nuevo,2010,0.04959778936073466,0.8616205234905598
Hato Blanco viejo,2010,0.25559993807753295,0.8916778471465451
Entremuros zona 1,2010,0.3734462014173392,1
Entremuros zona 2,2010,0.4405450791864557,1
Entremuros zona 3,2010,0.5798629259524273,1
Entremuros zona 4,2010,0.33397561958961447,1
Entremuros zona 5,2010,-0.05731078313189116,1
"Brazo de la Torre, Parque Natural",2010,0.02049455055572455,1
Veta Adalid,2010,0.205425240235128,1
Cantarita,2010,0.30975543418529805,0.7137664584870606
Lucio del Cortijo,2010,0.5345547506959691,1
Gaveta 3,2010,0.7014188322542879,0.6728413604890571
C1,2010,0.1853310594726869,0.3782649559371603
C8,2010,-0.16315927287904486,0.05774251084110586
C7,2010,0.5538609388794103,0.6745181630609367
C6,2010,0.6777674415557399,0.7395453220396736
D5,2010,0.7557286017647604,0.9401391779815579
C4,2010,0.6232955696473916,0.8139249037665128
E3,2010,0.6440220991471576,1
E4,2010,0.6242143660133715,0.7151710679084935
D6,2010,0.6312967858826692,0.9192767993207247
C5,2010,0.5824073063840287,0.8523175832676207
D4,2010,0.8050685406807822,1
D3,2010,0.7375358224187579,1
C3,2010,0.7061643122296185,1
C2,2010,0.4750932819443324,0.9964048164723854
C0,2010,0.3236459916526192,0.7321487256307604
La Dehesilla,2010,0.7133172396369605,1
San Carlos,2010,0.2252760827644306,0.8667064779246776
Santa Teresa,2010,0.6200844294627181,1
Los Portugueses,2010,0.7007463424848243,0.5667816308028203
Los Riacheros,2010,-0.03071836598385414,1
Laguna del Tarelo,2010,0.3537476905131545,0.7285099371865409
Marisma de Henares,2010,0.26338359373846,1
Lagunas de Bonanza,2010,-0.1137896164467961,0.6719494961345264
Lucio del Cuquero Grande,2010,0.8618296421101904,0.9936029417043288
Esparragosilla,2010,0.3050267707929447,0.7472907427640196
Marisma del Rocío,2010,0.6368204861655877,1
Lucio del Bocón,2010,0.3908129714456124,1
Gaveta 1,2010,0.6911052746026614,0.8207981480307951
Gaveta 4,2010,0.7519167385991299,0.7574281947659246
Gaveta 2,2010,0.6748677195488755,0.6299072017551643
Arrozal de Tarfia,2010,0.18120402662736204,0.6689109470072921
Lucio del Cuquero Chico,2010,0.26471934333889485,1
Almajal-Perimetro-Pasto,2010,0.13122012395228297,1
Arrozal del italiano,2010,0.3510014741325662,0.7497707568816357
B5,2010,0.6132793848991088,0.918427049404795
B9,2010,-0.15058709082631477,1
B1,2010,0.6088811864373188,0.9614082039478415
A3,2010,0.7466165851446976,1
B6,2010,0.6286980408647841,0.5960481449975613
B8,2010,0.46308540311727814,0.7388834735916257
A9,2010,-0.29888630881753686,0.7980856108493046
B7,2010,0.7000803357879385,0.821295367976694
A4,2010,0.6145727401495356,0.6838758490967619
B2,2010,0.6636406650177887,1
A8,2010,0.4536255297535663,0.6897038471949991
A7,2010,0.6355228534725891,0.7546052554703883
A6,2010,0.771770620703292,1
A5,2010,0.6783757960741629,1
B4,2010,0.6894388403942686,1
B3,2010,0.660207461396637,0.9835028692821506
A2,2010,0.5487441078207959,0.4043917224257444
A1,2010,0.7111959754388014,1
Arrozal del Turismo,2010,0.1145049809788202,0.9689822966554981
Caracoles Oeste,2010,0.2554239828485109,1
Caracoles Este,2010,0.35044352855160826,1
Veta hornito,2010,-0.09692739892917686,1
Guadiamar encauzado,2010,0.8761968305898257,1
Lucios FAO,2010,0.5159995717973849,0.9497099554705508
Lucio del Lobo Grande,2010,0.9228238660537034,1
Lucio de Marilópez Grande,2010,0.9616245138459064,1
Marisma gallega,2010,0.6098611019354697,1
Laguna de los Guayules,2010,-0.34542609490550596,0.9837424829920625
Laguna Dulce,2010,-0.09239225456639774,0.8389749118946455
Laguna de los Mimbrales,2010,-0.3908041284489229,0.29936642725814394
Las Pajas (RBD),2010,-0.35265455978956406,0.8562084924415186
Laguna de Santa Olalla,2010,-0.01765422886542249,0.6320771623335514
La Dehesilla,2011,0.5978431756148669,0.10334824164277688
San Carlos,2011,-0.19559443406713545,0
Lagunas de Bonanza,2011,-0.04930108315971125,1
Laguna del Acebuche,2012,-0.372298582454527,0.6479345742804443
Pajas (Acebuche),2012,-0.5733586262430398,0.2341247538348018
El Huerto,2012,-0.5779289879765984,0.14864447547846582
La Rocina,2012,-0.04822187694634698,0.636860395414306
Los Mimbrales (Parque Nacional),2012,-0.5404318038511625,0.0852113606678469
Charco del Toro,2012,-0.5911203303007445,0.2568732178971654
Zahíllo,2012,-0.3834885162699356,1
El Taraje,2012,-0.529703596228554,0.4050065204811439
La Sanguijuela,2012,-0.5662709408789827,0.1395809892332427
Hato Blanco nuevo,2012,0.04357013347410203,0.8455969772749078
Hato Blanco viejo,2012,0.01468420478950304,0.5404502711238702
Entremuros zona 1,2012,-0.34396278333575225,0.126640572161258
Entremuros zona 2,2012,-0.4967561808395651,0.01785317682574385
Entremuros zona 3,2012,-0.43650526685039326,0.04186084791160622
Entremuros zona 4,2012,-0.4842500600023856,0.06527624175240125
Entremuros zona 5,2012,-0.5009993734327358,0.09036252280500771
"Brazo de la Torre, Parque Natural",2012,-0.3367028173618263,0.2927548437569938
Veta Adalid,2012,-0.34498457791545545,0.10797066903979798
Cantarita,2012,0.1819856805823316,0.5597317084576653
Lucio del Cortijo,2012,-0.3036888502023976,0.11293364109668028
Gaveta 3,2012,0.6957373094057154,0.6416703320591838
C1,2012,0.29199385270324946,0.536135914928459
C8,2012,-0.01112529666451103,0.24964173610939386
C7,2012,0.36361792172043106,0.157746267725976
C6,2012,0.64122246537502825,0.4980596177512856
D5,2012,0.7220695202982859,0.805216026909841
C4,2012,0.5976905763882094,0.7459681817703123
E3,2012,0.5382053466174943,0.737806952858918
E4,2012,0.6046490938447772,0.6548947878861072
D6,2012,0.6109005172694396,0.8938846416228564
C5,2012,0.6210140131240357,0.9000448005721029
D4,2012,0.7143496849488166,0.6516852079822073
D3,2012,0.6666045139477618,0.7562054273107992
C3,2012,0.5049089199969964,0.7049539448311507
C2,2012,0.43862338907313514,0.9461248601368244
C0,2012,0.5184816080347638,0.987446366716819
La Dehesilla,2012,0.6027942491049241,0.1417931408347394
San Carlos,2012,0.04622051806662643,0.4979740254821722
Santa Teresa,2012,0.4311376308815902,0.42995868835570533
Los Portugueses,2012,0.6292044079661566,0.29201036932982133
Los Riacheros,2012,-0.2663541027843447,0.1140359813518293
Laguna del Tarelo,2012,0.3669022302423812,0.7573441175438042
Marisma de Henares,2012,-0.2048250346037893,0.10967187771645139
Lagunas de Bonanza,2012,-0.07811458726833459,0.8534268953073431
Lucio del Cuquero Grande,2012,-0.13066727600213174,0.09469826570075561
Esparragosilla,2012,0.21507449401902445,0.5770763329914528
Marisma del Rocío,2012,0.49076541041644234,0.7592753951869432
Lucio del Bocón,2012,-0.2949121801939208,0.016960467126192473
Gaveta 1,2012,0.5940719620254752,0.0020415462675273358
Gaveta 4,2012,0.7341953448265891,0.6669453002237926
Gaveta 2,2012,0.6349346983050155,0.38236832307391244
Arrozal de Tarfia,2012,0.20877146673180916,0.7056634369699685
Lucio del Cuquero Chico,2012,-0.34594686519352663,0.11968961441918476
Almajal-Perimetro-Pasto,2012,-0.3854867278128743,0.035408404334604834
Arrozal del italiano,2012,0.08800774871372019,0.46893983486277047
B5,2012,0.5466419494986874,0.8205084097161058
B9,2012,-0.42134949845485015,0.15940827370634908
B1,2012,0.5740824144495379,0.7777168442848852
A3,2012,0.5921266145146833,0.24456480161151212
B6,2012,0.5650794092372164,0.30076430746689276
B8,2012,0.5590775159284003,0.8512843927537131
A9,2012,-0.3865298300447386,0.3665158894776855
B7,2012,0.666562748259115,0.7427481681731108
A4,2012,0.4914347455898932,0.1902145560841071
B2,2012,0.517290738668374,0.796171072265185
A8,2012,0.5984398509555384,0.8515751637944321
A7,2012,0.602544400437029,0.6807826802740828
A6,2012,0.5674377244218307,0.3315281284254684
A5,2012,0.269488228234551,0.07696274847419783
B4,2012,0.6530721346298589,0.9261999012257338
B3,2012,0.5736461675769028,0.8616842484882685
A2,2012,0.46311838637905767,0
A1,2012,0.59132927078929,0.5205208790155789
Arrozal del Turismo,2012,-0.4301440175820447,0
Caracoles Oeste,2012,-0.5178633114980435,0.05782821267797719
Caracoles Este,2012,-0.4440090260685708,0.10122379480821558
Veta hornito,2012,-0.3668807860855883,0.25469808380777775
Guadiamar encauzado,2012,-0.24882075243032353,0.18021673722569503
Lucios FAO,2012,-0.10285160613936348,0.06891768311801945
Lucio del Lobo Grande,2012,-0.2400572775306444,0.1037656536780411
Lucio de Marilópez Grande,2012,0.03476024455533533,0.260755541178117
Marisma gallega,2012,-0.43091018310517754,0.04565922742970407
Laguna de los Guayules,2012,-0.42867590882427525,0.6688259162113268
Laguna Dulce,2012,-0.04375453288821646,1
Laguna de los Mimbrales,2012,-0.5084802318399199,0.07361361299032015
Las Pajas (RBD),2012,-0.32723325289298194,0.9741959845806912
Laguna de Santa Olalla,2012,0.11676746308955864,1
Laguna del Acebuche,2013,-0.5464437286961051,0.045694512425139465
Pajas (Acebuche),2013,-0.560819819365927,0.34107835509186896
El Huerto,2013,-0.5736163009949944,0.17397516001853316
La Rocina,2013,-0.29567733545898084,0
Los Mimbrales (Parque Nacional),2013,-0.5548420575658755,0
Charco del Toro,2013,-0.6058443233978615,0.15037279670185122
Zahíllo,2013,-0.5882578103849098,0
El Taraje,2013,-0.5533384513920989,0.2044737807579382
La Sanguijuela,2013,-0.5879575480427736,0.0712471905514346
Hato Blanco nuevo,2013,-0.1485367373457902,0.33491199777012964
Hato Blanco viejo,2013,-0.2160233175793551,0.20410509870238455
Entremuros zona 1,2013,-0.3567625574937871,0.11105838170545572
Entremuros zona 2,2013,-0.4865840646991171,0.02851198203424557
Entremuros zona 3,2013,-0.48091012625769136,0
Entremuros zona 4,2013,-0.5413906823496805,0
Entremuros zona 5,2013,-0.5407624412306961,0.008841434663559675
"Brazo de la Torre, Parque Natural",2013,-0.3448502487064139,0.27662305816216803
Veta Adalid,2013,-0.3658849728616418,0.07409815313284163
Cantarita,2013,0.25440199323995144,0.6470342844094751
Lucio del Cortijo,2013,-0.4104067986684859,0
Gaveta 3,2013,0.663219901066958,0.46326727238516047
C1,2013,0.2710770741592721,0.5051771167596507
C8,2013,0.48809912075568473,0.8797691676432791
C7,2013,0.6147002995308007,0.8397808475173807
C6,2013,0.6030989706280464,0.2461432138826567
D5,2013,0.6602699547747036,0.5574911410239966
C4,2013,0.42667272166407894,0.29207964947372056
E3,2013,0.5682370612208857,0.812219619799601
E4,2013,0.6128561862384331,0.6801790259496935
D6,2013,0.4604700265141523,0.7066075069538039
C5,2013,-0.10703525584711024,0
D4,2013,0.7340244051819496,0.7272262411083258
D3,2013,0.6803610725958704,0.8034874302737213
C3,2013,0.5069623696637758,0.7079643596923375
C2,2013,-0.24763560569775647,0
C0,2013,0.30628423074968836,0.70939920639027
La Dehesilla,2013,0.6165826893204582,0.2488598598331862
San Carlos,2013,-0.08405244006678385,0.22970050144764503
Santa Teresa,2013,0.37543647346006936,0.2619115921619281
Los Portugueses,2013,0.6095943947932941,0.2166941496432601
Los Riacheros,2013,-0.2777901448843962,0.0710377419762381
Laguna del Tarelo,2013,0.4551088092809289,0.9506891118231435
Marisma de Henares,2013,-0.2624996358526366,0
Lagunas de Bonanza,2013,-0.1750901511315154,0.3601162094163668
Lucio del Cuquero Grande,2013,-0.235225344691284,0
Esparragosilla,2013,0.15361439309596578,0.4607769442669878
Marisma del Rocío,2013,0.36302452146027697,0.5487358103439193
Lucio del Bocón,2013,-0.3067430562706804,0
Gaveta 1,2013,0.6186326808803426,0.20928223683426608
Gaveta 4,2013,0.6455364348146533,0.21426562345589673
Gaveta 2,2013,0.5732509642199498,0
Arrozal de Tarfia,2013,0.15778783101282406,0.6376928327744605
Lucio del Cuquero Chico,2013,-0.42897485649667033,0
Almajal-Perimetro-Pasto,2013,-0.40445409722805215,0
Arrozal del italiano,2013,0.5853372103233833,1
B5,2013,0.5399092322245327,0.8106151940944014
B9,2013,-0.4726963849807848,0
B1,2013,0.5761930946624295,0.7888584362426675
A3,2013,0.6114135662889854,0.33887540430314345
B6,2013,0.6162517412551763,0.5382790446922212
B8,2013,0.5743173985329828,0.8691293673304048
A9,2013,-0.4608131667757786,7.337017394415297e-4
B7,2013,0.7093130542831886,0.8429318948822478
A4,2013,0.4684449208314997,0.09804814833198261
B2,2013,0.5249013578193237,0.8067707656140728
A8,2013,0.5941440329250344,0.8467733616335847
A7,2013,0.6498330757265074,0.7866388216681904
A6,2013,0.6045218343500508,0.4528482135440488
A5,2013,0.34318330382497997,0.2433246175409978
B4,2013,0.62474917094699,0.8687232210194862
B3,2013,0.5765161749807992,0.8657232401458907
A2,2013,0.4969632205844687,0.15984181585964893
A1,2013,0.47119150369252144,0.039957480421935476
Arrozal del Turismo,2013,-0.3917009975357283,0.06839378380072468
Caracoles Oeste,2013,-0.565325804771965,0
Caracoles Este,2013,-0.5334834713300315,0
Veta hornito,2013,-0.4591341520469123,0
Guadiamar encauzado,2013,-0.35406816375046,0.10352454365219642
Lucios FAO,2013,-0.02735282981101949,0.17637282117525738
Lucio del Lobo Grande,2013,-0.305336214438622,0.053455073210648615
Lucio de Marilópez Grande,2013,-0.2888947422123135,0.0026161744279176685
Marisma gallega,2013,-0.4807045691063016,0
Laguna de los Guayules,2013,-0.60548347927963,0
Laguna Dulce,2013,-0.28881077541750544,0.18869137610638576
Laguna de los Mimbrales,2013,-0.5468521261674778,0
Las Pajas (RBD),2013,-0.5371312230289323,0
Laguna de Santa Olalla,2013,-0.11907652858392875,0.35447627982429725
Laguna del Acebuche,2014,-0.521841758767534,0.1307746436335713
Pajas (Acebuche),2014,-0.5399560695533394,0.5190421119350963
El Huerto,2014,-0.5597801271167016,0.25524230443396234
La Rocina,2014,0.0754065987923792,0.9550351506477344
Los Mimbrales (Parque Nacional),2014,-0.5071187434677656,0.28219964827732297
Charco del Toro,2014,-0.5728774514643312,0.3888261648374567
Zahíllo,2014,-0.4875554690295058,0.4917843849130107
El Taraje,2014,-0.5012864500929844,0.6461151767537708
La Sanguijuela,2014,-0.409858717493815,0.6324308529049423
Hato Blanco nuevo,2014,0.10165267502371628,1
Hato Blanco viejo,2014,0.09497449108205208,0.657504322546006
Entremuros zona 1,2014,-0.09109330027746812,0.43447885093284244
Entremuros zona 2,2014,-0.03681378512643483,0.49980170507189897
Entremuros zona 3,2014,-0.00455884717248369,0.44906050176588735
Entremuros zona 4,2014,-0.03587632609180695,0.5774889382170094
Entremuros zona 5,2014,-0.3676394153079992,0.3637732404102566
"Brazo de la Torre, Parque Natural",2014,-0.211568510954152,0.5405187973454865
Veta Adalid,2014,-0.1264316614742806,0.46217149432210675
Cantarita,2014,0.5471823074397648,1
Lucio del Cortijo,2014,-0.2384021205184142,0.1820229386748651
Gaveta 3,2014,0.74724216013866,0.9242458332518567
C1,2014,0.23935857631382532,0.4582307587939442
C8,2014,0.5219715911794761,0.9225234321445003
C7,2014,0.6510981079569492,0.9386510437921866
C6,2014,0.6531692630891277,0.5770029134238355
D5,2014,0.6145533189091119,0.3742350241413169
C4,2014,0.5556117928589697,0.6342893320518346
E3,2014,0.5584649810017639,0.788006331938207
E4,2014,0.6264324555232739,0.7220045115356257
D6,2014,0.5828751589943371,0.8589947149232697
C5,2014,0.6151457687347253,0.8927902326792607
D4,2014,0.6965882578394466,0.5834902584359081
D3,2014,0.6496779982557996,0.6980281181761971
C3,2014,0.5218324601993479,0.7297643298886791
C2,2014,0.04226362654288754,0.39967544709417047
C0,2014,0.528062170033531,1
La Dehesilla,2014,0.6768583735874354,0.7168982781729896
San Carlos,2014,0.12341685853580785,0.656945884239137
Santa Teresa,2014,0.5981946041521229,0.9339596922233193
Los Portugueses,2014,0.6472801644979478,0.36143396624168683
Los Riacheros,2014,-0.2705306373744495,0.09833267836512952
Laguna del Tarelo,2014,0.4776050976986615,1
Marisma de Henares,2014,0.10771179758673778,0.703980299442586
Lagunas de Bonanza,2014,-0.24588219651636137,0
Lucio del Cuquero Grande,2014,0.8688927499267676,1
Esparragosilla,2014,0.23920161870245885,0.622731478528476
Marisma del Rocío,2014,0.5080843691891905,0.7878201033044756
Lucio del Bocón,2014,-0.04720662775060164,0.37206535132348734
Gaveta 1,2014,0.6489900521979698,0.4654344542360445
Gaveta 4,2014,0.7328904455627214,0.6602826717648733
Gaveta 2,2014,0.6750789182374523,0.6312163911157685
Arrozal de Tarfia,2014,0.16351514907513828,0.6453284057112565
Lucio del Cuquero Chico,2014,-0.09171804804587974,0.48617504446589677
Almajal-Perimetro-Pasto,2014,-0.15763139805002604,0.4607701648105501
Arrozal del italiano,2014,0.2625471363411364,0.6553171222978682
B5,2014,0.5742888264758581,0.861133391289571
B9,2014,-0.3325805387447352,0.4349947324675952
B1,2014,0.601637081415671,0.9231689378773321
A3,2014,0.5421119883777268,0
B6,2014,0.5913381412341036,0.4226433695335195
B8,2014,0.5881775829958575,0.8853587993926887
A9,2014,-0.3422596857888622,0.5845086578428638
B7,2014,0.6163688310768212,0.6251206199955549
A4,2014,0.46209772242884073,0.07260217463661905
B2,2014,0.5885674610482348,0.8954417603860144
A8,2014,0.6269848377877059,0.883482329898481
A7,2014,0.62762001218349,0.7369146714184345
A6,2014,0.5533152118271035,0.2853265495444633
A5,2014,0.340228969391392,0.23665539854254508
B4,2014,0.621605092801178,0.8623428444404776
B3,2014,0.5705596356504631,0.8573405395887899
A2,2014,0.5736620185649688,0.5220736137478913
A1,2014,0.6653265345681426,0.8165175287581412
Arrozal del Turismo,2014,0.13193952144725896,1
Caracoles Oeste,2014,-0.35164140367057595,0.260352673036815
Caracoles Este,2014,-0.1472861678583078,0.4369108574842001
Veta hornito,2014,-0.196203279250823,0.7259137786164452
Guadiamar encauzado,2014,-0.1578344283501971,0.24651709265837135
Lucios FAO,2014,0.16440512059529414,0.44929614571856763
Lucio del Lobo Grande,2014,0.5091646390686847,0.6811921760514175
Lucio de Marilópez Grande,2014,0.6593283493938933,0.7588959118412175
Marisma gallega,2014,-0.2668301139930943,0.19611332063011122
Laguna de los Guayules,2014,-0.47360098252857413,0.4988837949336285
Laguna Dulce,2014,-0.1678531062178854,0.589146386494435
Laguna de los Mimbrales,2014,-0.414011001663509,0.25484577448685064
Las Pajas (RBD),2014,-0.3730942307890822,0.7613421847731601
Laguna de Santa Olalla,2014,0.03056790843823402,0.7640649787125058
Laguna del Acebuche,2015,-0.5105326879714429,0.16988440720008421
Pajas (Acebuche),2015,-0.5033964889077615,0.8308882747171397
El Huerto,2015,-0.4984414486231509,0.6155167045126935
La Rocina,2015,-0.00566348977420429,0.7463902132067962
Los Mimbrales (Parque Nacional),2015,-0.5137013612206716,0.2432750167901797
Charco del Toro,2015,-0.5516954623524554,0.5420380515376103
Zahíllo,2015,-0.4905283725530485,0.47726607768149065
El Taraje,2015,-0.494848263189525,0.7007407392828005
La Sanguijuela,2015,-0.43267647094196743,0.5605328488178601
Hato Blanco nuevo,2015,0.02532854168967446,0.7971046621025953
Hato Blanco viejo,2015,0.08023272147418306,0.6360125090600586
Entremuros zona 1,2015,-0.21075943690901405,0.28879967651301114
Entremuros zona 2,2015,-0.32583514523788104,0.19695199946595626
Entremuros zona 3,2015,-0.1869105845799471,0.277155929880757
Entremuros zona 4,2015,-0.18867614852680004,0.4029336439402262
Entremuros zona 5,2015,-0.32899656811415595,0.4429976847648093
"Brazo de la Torre, Parque Natural",2015,-0.28061753095291686,0.4038028265023726
Veta Adalid,2015,-0.17864180274332228,0.37755640234927557
Cantarita,2015,0.38477459639581346,0.8042069389032576
Lucio del Cortijo,2015,-0.32486626521726164,0.0905227662530349
Gaveta 3,2015,0.7261129712891813,0.8083229435828057
C1,2015,0.23525386205491508,0.45215539589735604
C8,2015,0.489089356620084,0.8810190559902296
C7,2015,0.6092933187218503,0.8250934452546944
C6,2015,0.6323224957822111,0.43924947064271974
D5,2015,0.7074467864365724,0.7466004841217652
C4,2015,0.5902282185554995,0.7261627722730151
E3,2015,0.5883239894208744,0.8619910670095575
E4,2015,0.6115829044936479,0.6762563262634987
D6,2015,0.22210203833292105,0.4098533476123508
C5,2015,0.6078573727587212,0.8837800143021676
D4,2015,0.6874876394348406,0.5485484596085592
D3,2015,0.6633850098786639,0.7451398254529426
C3,2015,0.5098153209835097,0.7121468664224097
C2,2015,0.03487881094234964,0.38949422152126884
C0,2015,0.4991849417947383,0.9621614959966679
La Dehesilla,2015,0.599572801590525,0.11677872220573174
San Carlos,2015,0.02564268539162466,0.45559771217959005
Santa Teresa,2015,0.5285631932789708,0.7238858455964259
Los Portugueses,2015,0.5826755241922909,0.11330678554373186
Los Riacheros,2015,-0.2966837233129591,0
Laguna del Tarelo,2015,0.36308882491865174,0.7489852985244306
Marisma de Henares,2015,-0.09564469971152847,0.31728514383477696
Lagunas de Bonanza,2015,-0.19204381967702752,0.2738735981297287
Lucio del Cuquero Grande,2015,0.6670141238972082,0.8171584842114236
Esparragosilla,2015,0.195977102286622,0.5409388234307294
Marisma del Rocío,2015,0.5161008873358375,0.8010327434878455
Lucio del Bocón,2015,-0.1670379445340143,0.20027797938187467
Gaveta 1,2015,0.6439102607847008,0.4225717234405157
Gaveta 4,2015,0.7437697752110969,0.7158309683547477
Gaveta 2,2015,0.6776424104388663,0.6471070992385289
Arrozal de Tarfia,2015,0.19868174599407495,0.6922119754365501
Lucio del Cuquero Chico,2015,-0.13879076174636923,0.41831702617534783
Almajal-Perimetro-Pasto,2015,-0.2354489679081483,0.3154998367244709
Arrozal del italiano,2015,0.2171565090150924,0.606847936568488
B5,2015,0.5648819367813546,0.8473106828216891
B9,2015,-0.3649049361562888,0.3346424669534801
B1,2015,0.5776184241662549,0.7963822854927888
A3,2015,0.6294655691215644,0.427147272603243
B6,2015,0.630972530586499,0.6066051160651538
B8,2015,0.5966577695182501,0.8952885814536212
A9,2015,-0.3738669879507028,0.42886960550569614
B7,2015,0.6555570412728231,0.7169567097368926
A4,2015,0.5002264885740529,0.22546073030446984
B2,2015,0.5897041475439091,0.8970248810295519
A8,2015,0.6100733831189153,0.8645789548032043
A7,2015,0.6357426452727916,0.7550972614683799
A6,2015,0.5596582330318971,0.3060776441228158
A5,2015,0.3925390075487973,0.35474192805757515
B4,2015,0.633010499760844,0.8854881951807089
B3,2015,0.5981564909514527,0.8961778848116552
A2,2015,0.5422633949876419,0.3737847204522896
A1,2015,0.6430543992805424,0.7274267017318209
Arrozal del Turismo,2015,-0.12133017220243889,0.5494091606256879
Caracoles Oeste,2015,-0.34418662628315005,0.26943555980677547
Caracoles Este,2015,-0.27185421412217653,0.29598514045038543
Veta hornito,2015,-0.2460650925022856,0.588252586984121
Guadiamar encauzado,2015,-5.198186807240513e-4,0.36114986457532117
Lucios FAO,2015,0.1640728875335581,0.4488232883922347
Lucio del Lobo Grande,2015,0.2598160085471275,0.4890187900483156
Lucio de Marilópez Grande,2015,0.2674821361893608,0.4463688769566982
Marisma gallega,2015,-0.2513097526361152,0.2103447986319386
Laguna de los Guayules,2015,-0.43334176477544434,0.6511759627991864
Laguna Dulce,2015,-0.15806595028848627,0.6215487604431991
Laguna de los Mimbrales,2015,-0.45518948028438566,0.17584793917408192
Las Pajas (RBD),2015,-0.3587758977159787,0.8277976277518213
Laguna de Santa Olalla,2015,-0.00520920686655596,0.6661401750962372
Laguna del Acebuche,2016,-0.4502017775054056,0.3785246824820048
Pajas (Acebuche),2016,-0.5321772461928361,0.5853939730094568
El Huerto,2016,-0.5450083777381336,0.3420045770518261
La Rocina,2016,0.014478383560544,0.7982280732138234
Los Mimbrales (Parque Nacional),2016,-0.5137802505073934,0.24280852511024348
Charco del Toro,2016,-0.5521556215826834,0.538709664223588
Zahíllo,2016,-0.4422772122212368,0.7129027757536126
El Taraje,2016,-0.4596489899604634,0.9993931595344304
La Sanguijuela,2016,-0.42865591597157887,0.5732014876630547
Hato Blanco nuevo,2016,0.02820188527753066,0.8047429803210533
Hato Blanco viejo,2016,0.02747753901184861,0.5591014887377496
Entremuros zona 1,2016,-0.07508707155440748,0.45396451539554694
Entremuros zona 2,2016,0.01178413264029402,0.5507248101428891
Entremuros zona 3,2016,0.22514333348468937,0.6656027491189748
Entremuros zona 4,2016,0.08285193904135305,0.7131216040737236
Entremuros zona 5,2016,-0.31779006137027976,0.46597293980969606
"Brazo de la Torre, Parque Natural",2016,-0.2558899253194609,0.4527630957554924
Veta Adalid,2016,-0.11940598785460732,0.4735577500389103
Cantarita,2016,0.48064282072000575,0.9197823200331788
Lucio del Cortijo,2016,-0.29561191138768217,0.12148101407725043
Gaveta 3,2016,0.6271877189651973,0.2655808065168493
C1,2016,0.21925359524435015,0.42847349718652455
C8,2016,0.4891078871948632,0.8810424455182314
C7,2016,0.5894520321555048,0.7711970162666802
C6,2016,0.6192356508603464,0.352772852153708
D5,2016,0.662019848236207,0.5645056265529909
C4,2016,0.5937990271672211,0.7356398475322083
E3,2016,0.5221214042850257,0.6979541152941929
E4,2016,0.6003411364934257,0.6416229232579539
D6,2016,0.21605902369631272,0.40233014895611446
C5,2016,0.5976216244076874,0.8711261562791639
D4,2016,0.675061777024755,0.5008393957530985
D3,2016,0.6322647158224702,0.638177766597165
C3,2016,0.4874026798929979,0.6792893053587669
C2,2016,0.00887867807002613,0.3536486118246288
C0,2016,0.25794179372795295,0.6460549864515821
La Dehesilla,2016,0.6362102481834506,0.40126711522687186
San Carlos,2016,0.10008331019655224,0.6088946744493695
Santa Teresa,2016,0.5737075570993996,0.8600837201240272
Los Portugueses,2016,0.5919577193092627,0.14895693225402737
Los Riacheros,2016,-0.2182145867967368,0.2950351779052366
Laguna del Tarelo,2016,0.19889866453102076,0.38908759058818804
Marisma de Henares,2016,0.00707447052696912,0.5126120994373876
Lagunas de Bonanza,2016,-0.1983574177992087,0.24175658538941197
Lucio del Cuquero Grande,2016,0.7360392675060513,0.8796745718883682
Esparragosilla,2016,0.14139930568096962,0.43766264444899033
Marisma del Rocío,2016,0.5365439973006955,0.8347266054929741
Lucio del Bocón,2016,0.1147995024372759,0.604313548960406
Gaveta 1,2016,0.6117707964139788,0.15138239750946586
Gaveta 4,2016,0.6944266289008945,0.4638919413646084
Gaveta 2,2016,0.6619555386317588,0.5498665064610669
Arrozal de Tarfia,2016,0.2356164981601695,0.7414528227228874
Lucio del Cuquero Chico,2016,-0.00822815302394354,0.6065305196042601
Almajal-Perimetro-Pasto,2016,-0.13282680382106832,0.5070755370838357
Arrozal del italiano,2016,0.24624437986411807,0.6379086532342103
B5,2016,0.5204288794806073,0.7819902983450531
B9,2016,-0.2823835517764771,0.5908331012424674
B1,2016,0.5411114709271103,0.6036739945219134
A3,2016,0.586905944136733,0.2190364249369324
B6,2016,0.593804931422388,0.4340928970468399
B8,2016,0.5845671210790454,0.8811311683283752
A9,2016,-0.31399788581902377,0.7236739602823333
B7,2016,0.6014748892540861,0.5902172301496337
A4,2016,0.4439879651682223,0
B2,2016,0.4884028016586745,0.7559373846096157
A8,2016,0.5674739779034346,0.8169619667087374
A7,2016,0.6309172864785599,0.7442956507302348
A6,2016,0.5824550276122565,0.38065700073332365
A5,2016,0.3191471309523478,0.18906451111913636
B4,2016,0.5900275417043503,0.7982615277247911
B3,2016,0.5258921066304251,0.7944794553861504
A2,2016,0.5081444013130336,0.21264810884550725
A1,2016,0.5884647652294918,0.5090625627810328
Arrozal del Turismo,2016,-0.05107455363172204,0.674400578613209
Caracoles Oeste,2016,-0.2931645888665114,0.3316007143839848
Caracoles Este,2016,-0.1051660294906727,0.48456200783176856
Veta hornito,2016,-0.23651072793452532,0.6146307935899339
Guadiamar encauzado,2016,0.07381502243580346,0.41531653673054647
Lucios FAO,2016,0.3703775563531903,0.7424505198251734
Lucio del Lobo Grande,2016,0.25119243862524215,0.4823725909981871
Lucio de Marilópez Grande,2016,0.3664074869679497,0.5252693371676168
Marisma gallega,2016,-0.17759922439739628,0.2779340600546885
Laguna de los Guayules,2016,-0.3453481266805352,0.9840374204167843
Laguna Dulce,2016,-0.14783791067808702,0.6554107696529853
Laguna de los Mimbrales,2016,-0.41480789837018367,0.25331698768113176
Las Pajas (RBD),2016,-0.39760783174978287,0.6475676132131767
Laguna de Santa Olalla,2016,-0.04117474890427996,0.5676996325596723
Laguna del Acebuche,2017,-0.4738307886095327,0.29680930070967243
Pajas (Acebuche),2017,-0.5340022212374729,0.5698272883048336
El Huerto,2017,-0.5572292585572988,0.27022490044824005
La Rocina,2017,-0.16602912912730405,0.3336673534923526
Los Mimbrales (Parque Nacional),2017,-0.5390854336141985,0.09317277773417251
Charco del Toro,2017,-0.5652310219140265,0.44413371370524296
Zahíllo,2017,-0.5139567712786314,0.3628524453698596
El Taraje,2017,-0.5191892037578086,0.49421713396253286
La Sanguijuela,2017,-0.4870637538679839,0.38916027706204415
Hato Blanco nuevo,2017,-0.10268123190860672,0.45681142674122727
Hato Blanco viejo,2017,0.03105756469776626,0.5643207565979373
Entremuros zona 1,2017,-0.32074572756439895,0.15490455403980655
Entremuros zona 2,2017,-0.46326550945703093,0.05294622311420796
Entremuros zona 3,2017,-0.43275031218149346,0.045400676399025244
Entremuros zona 4,2017,-0.4804615320232983,0.06960417620760492
Entremuros zona 5,2017,-0.4987120707271219,0.09505188446135578
"Brazo de la Torre, Parque Natural",2017,-0.3110059614753774,0.3436342132280491
Veta Adalid,2017,-0.28767796010536717,0.20084543663840146
Cantarita,2017,0.45153938321262194,0.8846962327939691
Lucio del Cortijo,2017,-0.19435663088631733,0.2286338189394856
Gaveta 3,2017,0.7074649048348872,0.7060124495301388
C1,2017,0.17496909910589922,0.3629282806956022
C8,2017,0.5347422211862406,0.938642684337365
C7,2017,0.5830409021069617,0.7537819653707206
C6,2017,0.6356169625718752,0.46101899182184775
D5,2017,0.6605489452800504,0.55860948045753
C4,2017,0.5686345833724573,0.6688523622226186
E3,2017,0.5286115138646283,0.7140353270709248
E4,2017,0.5937080708962137,0.6211879139261552
D6,2017,-0.10711295274421292,0
C5,2017,0.61985376344845,0.8986104516449319
D4,2017,0.6462450253640984,0.39019755861434774
D3,2017,0.6042455351791679,0.5418743947958596
C3,2017,0.4723390265958539,0.6572055667197723
C2,2017,-0.07164251057677243,0.24263644451316504
C0,2017,0.0332981688453548,0.35169921833030465
La Dehesilla,2017,0.5954875393813717,0.08505681500337715
San Carlos,2017,0.03007309099930025,0.46472132879430045
Santa Teresa,2017,0.5048605817992918,0.6523764692072306
Los Portugueses,2017,0.6207020741720698,0.25935543767632857
Los Riacheros,2017,-0.25454108736684544,0.15845159824317442
Laguna del Tarelo,2017,0.40236933270900455,0.8350864673578383
Marisma de Henares,2017,0.00196320995098389,0.502892716334109
Lagunas de Bonanza,2017,-0.17293453551256702,0.371081736989901
Lucio del Cuquero Grande,2017,0.5238617778444227,0.6875053730536843
Esparragosilla,2017,0.02514634776764825,0.21768012343660242
Marisma del Rocío,2017,0.3475332544890526,0.5232034616694613
Lucio del Bocón,2017,0.13095000490191544,0.6274665314061519
Gaveta 1,2017,0.6100394697722483,0.13677365047119625
Gaveta 4,2017,0.7247599339394313,0.618769445704536
Gaveta 2,2017,0.6831294136100046,0.6811202184565716
Arrozal de Tarfia,2017,0.3696114770335926,0.9200928813368199
Lucio del Cuquero Chico,2017,-0.18173319864913903,0.3564130389242666
Almajal-Perimetro-Pasto,2017,-0.26251940666319334,0.26496457166094683
Arrozal del italiano,2017,0.5275172878801266,0.9382585188869472
B5,2017,0.5272546301175941,0.7920202194128696
B9,2017,-0.41537362970445463,0.177960575235189
B1,2017,0.5662082623076767,0.7361517651022249
A3,2017,0.6195812235672741,0.3788141509494871
B6,2017,0.6294070793310315,0.5993391242895406
B8,2017,0.6213639692793075,0.9242180370184667
A9,2017,-0.41766912436746806,0.21318137728104164
B7,2017,0.6918529423052593,0.80201478224865
A4,2017,0.50359894498939894,0.23898093745566032
B2,2017,0.5643768571549439,0.8617502856048463
A8,2017,0.5776838965018538,0.8283744634299295
A7,2017,0.6653001718114224,0.8212620607438958
A6,2017,0.5990256762003917,0.4348676181938445
A5,2017,0.285721787362526,0.11360895877385968
B4,2017,0.6509388902979143,0.9218708414690696
B3,2017,0.5972680824039514,0.8949276181025704
A2,2017,0.5406264684864107,0.36605387140166146
A1,2017,0.6193403712160047,0.6325681556106835
Arrozal del Turismo,2017,-0.11436025675790416,0.5618093021715006
Caracoles Oeste,2017,-0.41766642911288343,0.17990790602234183
Caracoles Este,2017,-0.3237726326822337,0.23724904734879537
Veta hornito,2017,-0.2771524480755457,0.5024249338394124
Guadiamar encauzado,2017,-0.07681814740371379,0.3055524287584991
Lucios FAO,2017,0.07942182130313696,0.3283419713319028
Lucio del Lobo Grande,2017,0.21958604579156152,0.4580134937876353
Lucio de Marilópez Grande,2017,0.3466199656593333,0.5094872901453372
Marisma gallega,2017,-0.3585556000458362,0.11200514769897503
Laguna de los Guayules,2017,-0.44340867684097834,0.6130949481214254
Laguna Dulce,2017,-0.2346707614184283,0.3679329240947929
Laguna de los Mimbrales,2017,-0.5024815158796645,0.08512170147215348
Las Pajas (RBD),2017,-0.45899416306187696,0.36265624683050895
Laguna de Santa Olalla,2017,-0.04916056287427128,0.5458418260242539
Laguna del Acebuche,2018,-0.45639540914999616,0.35710546302484697
Pajas (Acebuche),2018,-0.5190221649269324,0.6976042757924077
El Huerto,2018,-0.5421260078258505,0.3589342552981867
La Rocina,2018,-0.09317552010951072,0.5211660594223424
Los Mimbrales (Parque Nacional),2018,-0.5432544086499225,0.06852060696624068
Charco del Toro,2018,-0.5571023386347403,0.5029294620662491
Zahíllo,2018,-0.5173591091034235,0.3462369765345673
El Taraje,2018,-0.5253243373029852,0.4421628636964875
La Sanguijuela,2018,-0.5068118373099346,0.326934704012197
Hato Blanco nuevo,2018,-0.03400910649031963,0.6393651418275911
Hato Blanco viejo,2018,0.20917573164966807,0.8239966655570427
Entremuros zona 1,2018,-0.23766201978074955,0.2560490072523945
Entremuros zona 2,2018,-0.4274756313223536,0.09044848264471501
Entremuros zona 3,2018,-0.39963272526298865,0.07662091417703476
Entremuros zona 4,2018,-0.46231116789005133,0.09033876936367737
Entremuros zona 5,2018,-0.49783134246258054,0.09685752800091249
"Brazo de la Torre, Parque Natural",2018,-0.29282415127378875,0.379633910739178
Veta Adalid,2018,-0.22721560726281775,0.29883459013068797
Cantarita,2018,0.3117213913226183,0.7161365477114371
Lucio del Cortijo,2018,-0.1613226033627661,0.2635918842129019
Gaveta 3,2018,0.6874017336116811,0.5959381442320257
C1,2018,0.2330511939396706,0.4488952400626824
C8,2018,0.12306058910400064,0.41901287381206465
C7,2018,0.3055456345301498,0
C6,2018,0.621457344198296,0.36745358905649345
D5,2018,0.6013792991348395,0.3214266828918276
C4,2018,0.5918361429918135,0.7304302709129652
E3,2018,0.5608884502009858,0.7940112107386447
E4,2018,0.5885893868995717,0.6054183796580376
D6,2018,-0.041891200055525,0.08119725529248613
C5,2018,0.6188051565860161,0.8973141202088581
D4,2018,0.6636339482242662,0.45696227914111487
D3,2018,0.5859148115513297,0.47887075042124627
C3,2018,0.4528624044664938,0.6286522918806072
C2,2018,0.02323264338873338,0.3734379967843183
C0,2018,0.11745020047187592,0.46196558320638836
La Dehesilla,2018,0.6109005182191137,0.20473801522284724
San Carlos,2018,0.05662964617486113,0.5194097364672812
Santa Teresa,2018,0.5249563717001615,0.7130042783029286
Los Portugueses,2018,0.6199161792520341,0.2563370493699979
Los Riacheros,2018,-0.19892196960038677,0.3675732610228713
Laguna del Tarelo,2018,0.3439658053790316,0.707068469374127
Marisma de Henares,2018,0.02905650798475726,0.5544123246981939
Lagunas de Bonanza,2018,-0.18998965840869464,0.2843230316142471
Lucio del Cuquero Grande,2018,0.5535916882984848,0.7144317594601552
Esparragosilla,2018,0.05497578873173501,0.2741256173100798
Marisma del Rocío,2018,0.3639455885824441,0.5502538919159066
Lucio del Bocón,2018,0.15698751940581882,0.6647933029762391
Gaveta 1,2018,0.6190125977665109,0.21248793444892958
Gaveta 4,2018,0.603571757353845,0
Gaveta 2,2018,0.6610100302381426,0.5440054400992161
Arrozal de Tarfia,2018,0.4295484965363048,1
Lucio del Cuquero Chico,2018,-0.0094185321087367,0.6048145198379721
Almajal-Perimetro-Pasto,2018,-0.2438805022272109,0.29975979550971155
Arrozal del italiano,2018,0.5515788586232921,0.9639520333853014
B5,2018,0.56469253597646,0.8470323727537854
B9,2018,-0.3682469075279495,0.3242671954778982
B1,2018,0.5543684840653514,0.673653440040516
A3,2018,0.6098099624473643,0.33103399698530045
B6,2018,0.6018773932793205,0.4715609697553086
B8,2018,0.6334265974331544,0.938342640095708
A9,2018,-0.361846739534008,0.4880590947842324
B7,2018,0.6920617994450866,0.8025042310634942
A4,2018,0.48539592751624194,0.16600488181445713
B2,2018,0.5572537169188974,0.8518295287405646
A8,2018,0.556398790326531,0.8045822850599955
A7,2018,0.6435332834389013,0.7725366777813492
A6,2018,0.6157064654718399,0.48943855917569085
A5,2018,0.4177424344230321,0.4116370349299625
B4,2018,0.6379187081098552,0.8954485766160875
B3,2018,0.5841561200207979,0.8764750152943985
A2,2018,0.5344963899475577,0.3371028391978789
A1,2018,0.6191176847760737,0.6316773869957834
Arrozal del Turismo,2018,-0.11651570729395744,0.5579745509532464
Caracoles Oeste,2018,-0.4045849882903632,0.19584630895564753
Caracoles Este,2018,-0.32915704674879964,0.23115757818076801
Veta hornito,2018,-0.30200899911170104,0.43379962295771357
Guadiamar encauzado,2018,-0.2368882442662831,0.18891177508415924
Lucios FAO,2018,-0.06787523154323341,0.11869850532133029
Lucio del Lobo Grande,2018,0.20498831974845488,0.4467630031160735
Lucio de Marilópez Grande,2018,0.28217275289626337,0.4580857565010637
Marisma gallega,2018,-0.3700578411592191,0.10145810645349435
Laguna de los Guayules,2018,-0.462757383357777,0.5399028538560409
Laguna Dulce,2018,-0.1714627384868986,0.5771959633641812
Laguna de los Mimbrales,2018,-0.4991160983863837,0.09157800354539522
Las Pajas (RBD),2018,-0.3986051769170584,0.6429386515487477
Laguna de Santa Olalla,2018,-0.01490145876092618,0.6396117125505568
Laguna del Acebuche,2019,-0.4950028739279615,0.22359061935700175
Pajas (Acebuche),2019,-0.5295113205633114,0.6081338038048121
El Huerto,2019,-0.5575273243923586,0.2684742026414484
La Rocina,2019,-0.20217468333219177,0.24064183657000618
Los Mimbrales (Parque Nacional),2019,-0.5484725661509,0.037664363235886254
Charco del Toro,2019,-0.5846709202229714,0.3035225802823345
Zahíllo,2019,-0.5639153628122746,0.11887743070973969
El Taraje,2019,-0.5535180695173103,0.20294978941111824
La Sanguijuela,2019,-0.5546155521586607,0.17630674261445892
Hato Blanco nuevo,2019,-0.00686451630107996,0.7115246352662924
Hato Blanco viejo,2019,0.12397210959202036,0.6997795327229598
Entremuros zona 1,2019,-0.38741285701218703,0.07374531674615813
Entremuros zona 2,2019,-0.46367229052052367,0.05251997944392233
Entremuros zona 3,2019,-0.4074073540904016,0.06929170383254638
Entremuros zona 4,2019,-0.45981938603612793,0.09318532839662515
Entremuros zona 5,2019,-0.5108345138829051,0.07019880315451077
"Brazo de la Torre, Parque Natural",2019,-0.3226385835383665,0.32060180496474533
Veta Adalid,2019,-0.30548218138877087,0.1719907776625382
Cantarita,2019,0.2829974081746555,0.681507917387912
Lucio del Cortijo,2019,-0.21242173238839107,0.20951653155967248
Gaveta 3,2019,0.7126503003298279,0.7344615317042155
C1,2019,0.1571428126941469,0.3365437013512979
C8,2019,0.23703084233364635,0.5628675821013349
C7,2019,0.3500888366085367,0.12099616220394704
C6,2019,0.6292674881219369,0.4190622724680738
D5,2019,0.6600372091090316,0.5565581750236609
C4,2019,0.5906511752675637,0.7272853170597773
E3,2019,0.5621283378087487,0.7970834077416732
E4,2019,0.5865727934281716,0.5992057007989853
D6,2019,0.250869605210522,0.4456672804738846
C5,2019,0.6030851819687157,0.877880433475787
D4,2019,0.6763007770693467,0.5055965329475651
D3,2019,0.6305389450686889,0.6322462033348056
C3,2019,0.478563506062268,0.6663308283670341
C2,2019,-0.02159603465819224,0.3116340319977787
C0,2019,0.19211489724767633,0.559800472500349
La Dehesilla,2019,0.6118869596209532,0.21239769555856733
San Carlos,2019,0.04412424652499285,0.4936571345336193
Santa Teresa,2019,0.4041282633075771,0.3484730244852878
Los Portugueses,2019,0.6185407323275522,0.25105436741469755
Los Riacheros,2019,-0.2291623403827587,0.25387284873589605
Laguna del Tarelo,2019,0.3213470367614747,0.6574891099132407
Marisma de Henares,2019,-0.20612057111334448,0.10720833365066607
Lagunas de Bonanza,2019,-0.19566148784041215,0.25547066968145393
Lucio del Cuquero Grande,2019,0.19982718806942049,0.39402717415948385
Esparragosilla,2019,0.06119796967279552,0.2858996923459191
Marisma del Rocío,2019,0.08479033652452006,0.0901566485407393
Lucio del Bocón,2019,-0.02678134140080057,0.40134656392610907
Gaveta 1,2019,0.639951852555529,0.389171102725538
Gaveta 4,2019,0.699526942592715,0.48993341145619146
Gaveta 2,2019,0.6457535707912734,0.4494329097348956
Arrozal de Tarfia,2019,0.08859915034936439,0.5454515408017463
Lucio del Cuquero Chico,2019,-0.08973401813338702,0.48903513744773663
Almajal-Perimetro-Pasto,2019,-0.32243055238633056,0.15312206859793667
Arrozal del italiano,2019,0.12391295354617136,0.507280262043361
B5,2019,0.565921623808898,0.8488384237803153
B9,2019,-0.3728003912770571,0.31013073983460343
B1,2019,0.5647733966523302,0.7285775776206425
A3,2019,0.593366373592526,0.2506270569223566
B6,2019,0.6106174534760906,0.512127678738609
B8,2019,0.6317011426173235,0.9363222375689539
A9,2019,-0.4219254971457259,0.1922223652714196
B7,2019,0.6962131944353098,0.812232868349225
A4,2019,0.4851062202560742,0.1648434428844095
B2,2019,0.556167322353285,0.8503164522059239
A8,2019,0.6065971115452381,0.8606932296082251
A7,2019,0.6608426156470633,0.8112837796286377
A6,2019,0.6248639420784149,0.5193971005437189
A5,2019,0.45708463998326815,0.5004495206730553
B4,2019,0.6497444175494995,0.9194468603862834
B3,2019,0.5691088120131456,0.8552987801982562
A2,2019,0.5460142847669989,0.39149935984993123
A1,2019,0.6452206184028488,0.7360918005485452
Arrozal del Turismo,2019,-0.19007771080622213,0.4271007601297268
Caracoles Oeste,2019,-0.4867972239951765,0.09567907535432839
Caracoles Este,2019,-0.44143066530605535,0.104140733382171
Veta hornito,2019,-0.3566711658243741,0.2828853557825097
Guadiamar encauzado,2019,-0.3036198310115168,0.14028547915973857
Lucios FAO,2019,0.01815085083562243,0.24113684151821627
Lucio del Lobo Grande,2019,-0.05564201099014925,0.24589479281797952
Lucio de Marilópez Grande,2019,-0.06562769975257671,0.1806885518454226
Marisma gallega,2019,-0.40557157565514346,0.06889359847480507
Laguna de los Guayules,2019,-0.5349549124745759,0.26679475992445223
Laguna Dulce,2019,-0.3048021414706862,0.13574870036436915
Laguna de los Mimbrales,2019,-0.4491424547525769,0.1874487059603456
Las Pajas (RBD),2019,-0.48607852725099154,0.23695003432704034
Laguna de Santa Olalla,2019,-0.1507827566828401,0.26769381752827137
Laguna del Acebuche,2020,-0.5472658615694534,0.04285135909480361
Pajas (Acebuche),2020,-0.5028262270786562,0.8357524979945216
El Huerto,2020,-0.5209194640808109,0.48349146802475074
La Rocina,2020,-0.16209156696006555,0.343801207131584
Los Mimbrales (Parque Nacional),2020,-0.5311286788536996,0.14022301800511425
Charco del Toro,2020,-0.5445357630262522,0.5938250218820712
Zahíllo,2020,-0.5376928087027907,0.24693644572378007
El Taraje,2020,-0.5353285716493121,0.3572807474990371
La Sanguijuela,2020,-0.5452802578608196,0.20572195341097307
Hato Blanco nuevo,2020,-0.03907630227372485,0.6258948231255541
Hato Blanco viejo,2020,0.03375161965914463,0.5682483805054449
Entremuros zona 1,2020,-0.40747262433290143,0.04932495502483536
Entremuros zona 2,2020,-0.4792851048612805,0.03616016359863252
Entremuros zona 3,2020,-0.4242099492997387,0.05345175090922412
Entremuros zona 4,2020,-0.4671308018838443,0.08483292114549085
Entremuros zona 5,2020,-0.5104569780585817,0.07097281614987636
"Brazo de la Torre, Parque Natural",2020,-0.28035912201680335,0.40431447212132454
Veta Adalid,2020,-0.3002525579244215,0.18046623970235426
Cantarita,2020,0.26230116610204285,0.6565572511753982
Lucio del Cortijo,2020,-0.228324747024211,0.1926872598855862
Gaveta 3,2020,0.6797141085688634,0.5537608644507632
C1,2020,0.0942414570214144,0.24344378299043432
C8,2020,0.536775499126966,0.9412091137059537
C7,2020,0.6006762049653873,0.8016861093390583
C6,2020,0.6585851688702433,0.6127907003810629
D5,2020,0.6909450032186372,0.6804527316263848
C4,2020,0.6015910548815514,0.7563202146703462
E3,2020,0.5449982642499587,0.7546384632810029
E4,2020,0.6065878752394663,0.6608677449317066
D6,2020,0.6046598812058468,0.8861154158852149
C5,2020,0.6415017597014258,0.9253726053901442
D4,2020,0.6084157385477211,0.24495211803517347
D3,2020,0.621104305095867,0.5998188582000251
C3,2020,0.498577727731796,0.6956722392249537
C2,2020,-0.02491937893925463,0.30705223610575344
C0,2020,0.31040425737779853,0.7147977731354037
La Dehesilla,2020,0.6219142185891078,0.2902589838178843
San Carlos,2020,0.17754413278442716,0.7684111861492218
Santa Teresa,2020,0.5327411213885848,0.7364904075019154
Los Portugueses,2020,0.6495532666283256,0.37016427447311845
Los Riacheros,2020,-0.16943030358079267,0.4784586271312896
Laguna del Tarelo,2020,0.33631389832234526,0.6902958210951987
Marisma de Henares,2020,-0.06746412380746722,0.37087227937810513
Lagunas de Bonanza,2020,-0.170369418941701,0.3841303789833575
Lucio del Cuquero Grande,2020,0.4652224289984136,0.6343957019670111
Esparragosilla,2020,0.05320213011931912,0.2707693681446564
Marisma del Rocío,2020,0.40069859390862184,0.6108293470136256
Lucio del Bocón,2020,-0.01285827107329273,0.42130635177725867
Gaveta 1,2020,0.6675236572432269,0.6218190100369873
Gaveta 4,2020,0.6867923916617326,0.42491262112112704
Gaveta 2,2020,0.7019037590775211,0.7974996027416527
Arrozal de Tarfia,2020,-0.2282362994441147,0.12305135985507883
Lucio del Cuquero Chico,2020,-0.04174029670848515,0.5582208412294294
Almajal-Perimetro-Pasto,2020,-0.2865849802347623,0.2200388077917401
Arrozal del italiano,2020,-0.15936462434905757,0.20478976246626596
B5,2020,0.606602704675314,0.9086161759637348
B9,2020,-0.3213869768215513,0.4697455519140403
B1,2020,0.5932730056977791,0.879017712038588
A3,2020,0.6101372701514752,0.33263448767981474
B6,2020,0.6244223584233405,0.5762027021285123
B8,2020,0.6092483245963117,0.9100313548137575
A9,2020,-0.3876031900750696,0.3612305051990173
B7,2020,0.7115827804739154,0.8482509124412871
A4,2020,0.4974610139518074,0.2143739184500656
B2,2020,0.6067476179777759,0.9207621823734619
A8,2020,0.5937936228019733,0.8463816783559995
A7,2020,0.689660825713276,0.875793612074142
A6,2020,0.6251435883511757,0.5203119589474962
A5,2020,0.5252868233520701,0.6544115406420542
B4,2020,0.6506301729367613,0.921244351627124
B3,2020,0.5605361651187184,0.8432344039031553
A2,2020,0.5818392162999384,0.5606927461882559
A1,2020,0.6748667638999404,0.8546794252361957
Arrozal del Turismo,2020,-0.21398458904797085,0.384568153174122
Caracoles Oeste,2020,-0.4855551674512377,0.09719239471507993
Caracoles Este,2020,-0.4605246906529165,0.08253937337233093
Veta hornito,2020,-0.35257303004436646,0.2941997107599706
Guadiamar encauzado,2020,-0.42655199620088485,0.0507066734593791
Lucios FAO,2020,0.35493813580569294,0.7204760568320263
Lucio del Lobo Grande,2020,-0.34148000327063777,0.02559899768979643
Lucio de Marilópez Grande,2020,-0.260964288467142,0.024892826843597306
Marisma gallega,2020,-0.4077647730687399,0.06688253442627198
Laguna de los Guayules,2020,-0.4826320380098678,0.46472120822382035
Laguna Dulce,2020,-0.1882405748131264,0.521649517530967
Laguna de los Mimbrales,2020,-0.4340786071511631,0.216347572354837
Las Pajas (RBD),2020,-0.48350242096177265,0.24890647393045637
Laguna de Santa Olalla,2020,-0.08677006273196232,0.44290164048119574
Laguna del Acebuche,2021,-0.559656860888273,0
Pajas (Acebuche),2021,-0.5033431046671841,0.8313436319800815
El Huerto,2021,-0.5288355303750452,0.4369962368723781
La Rocina,2021,-0.13277061147552763,0.41926268782005593
Los Mimbrales (Parque Nacional),2021,-0.5403425865859608,0.08573892421484684
Charco del Toro,2021,-0.5443382750082915,0.5952534765787773
Zahíllo,2021,-0.5341682854219398,0.2641486126948294
El Taraje,2021,-0.5241631148664392,0.4520153935731169
La Sanguijuela,2021,-0.5429637858040257,0.2130210820383999
Hato Blanco nuevo,2021,0.06810012380251364,0.9108059807564226
Hato Blanco viejo,2021,-0.08081174904881423,0.40122809609678195
Entremuros zona 1,2021,-0.4254698166032378,0.02741553114253701
Entremuros zona 2,2021,-0.4767164533883964,0.03885171325457234
Entremuros zona 3,2021,-0.4426852408319068,0.03603493258632757
Entremuros zona 4,2021,-0.4636762683373015,0.08877930740560801
Entremuros zona 5,2021,-0.4663491579296855,0.1614013894864471
"Brazo de la Torre, Parque Natural",2021,-0.34609017886497084,0.27416801599925533
Veta Adalid,2021,-0.31878367671289276,0.15043352416983155
Cantarita,2021,-0.0500911861187131,0.27994794788953997
Lucio del Cortijo,2021,-0.2297274876379799,0.19120281788399116
Gaveta 3,2021,0.673779952025688,0.5212037900105689
C1,2021,-0.07023714027275801,0
C8,2021,0.4894138032499552,0.8814285766675374
C7,2021,0.5319927793670064,0.6151159815381925
C6,2021,0.5945757463024931,0.1898225634357563
D5,2021,0.6747975262770546,0.6157252234504345
C4,2021,0.5486325769360706,0.6157662013709145
E3,2021,0.4953124542993826,0.6315268235908478
E4,2021,0.5763653753617992,0.5677589013692368
D6,2021,0.540450698659661,0.8061787510088547
C5,2021,0.6170572705851844,0.8951533108047577
D4,2021,0.5446177708285174,0
D3,2021,0.446588785786313,0
C3,2021,0.4628049056992319,0.6432282778191112
C2,2021,-0.1501100678181153,0.1344555577256207
C0,2021,0.157207999899486,0.5140611527799384
La Dehesilla,2021,0.5996224978485813,0.11716461177796952
San Carlos,2021,0.10760222508435643,0.6243785156299865
Santa Teresa,2021,0.4175758347273036,0.38904355178765854
Los Portugueses,2021,0.5782508357542075,0.0963128751618438
Los Riacheros,2021,-0.23718871585020465,0.2236945745875297
Laguna del Tarelo,2021,0.23750457883680717,0.47371007977166424
Marisma de Henares,2021,-0.16715135061499437,0.18131075469316793
Lagunas de Bonanza,2021,-0.1786795957170243,0.3418568531424165
Lucio del Cuquero Grande,2021,-0.00646730364788394,0.20718620785083186
Esparragosilla,2021,-0.08988987471030437,0
Marisma del Rocío,2021,0.19065591507605023,0.2646418516698188
Lucio del Bocón,2021,-0.1720450764380435,0.1930998722405431
Gaveta 1,2021,0.6075044992890388,0.1153838435762518
Gaveta 4,2021,0.6424699842459908,0.19860876672192612
Gaveta 2,2021,0.6645976748081783,0.566244716926037
Arrozal de Tarfia,2021,-0.21559572309700045,0.1399035831140972
Lucio del Cuquero Chico,2021,-0.2627613417982348,0.23960632038992852
Almajal-Perimetro-Pasto,2021,-0.29587305284993626,0.20269977550695312
Arrozal del italiano,2021,-0.19071497584241992,0.17131311544179836
B5,2021,0.5599454366004941,0.8400568715123516
B9,2021,-0.35324027019990256,0.37085584597753374
B1,2021,0.4267505465544801,0
A3,2021,0.5942563732112573,0.2549790354734574
B6,2021,0.5543294293145116,0.25086862056283127
B8,2021,0.5382147885950391,0.8268554093734652
A9,2021,-0.376380148764662,0.4164944282301186
B7,2021,0.6443437919354552,0.6906788836435852
A4,2021,0.4984094095604105,0.21817604470772334
B2,2021,0.5101145697123594,0.7861764596265967
A8,2021,0.5558829980656245,0.8040057400631213
A7,2021,0.6110886668272492,0.6999091004069241
A6,2021,0.535577565471132,0.2272981171545524
A5,2021,0.4937625490179728,0.5832475292453946
B4,2021,0.5652751899625131,0.7480308025313454
B3,2021,0.5459791103075686,0.8227481072957109
A2,2021,0.5637333927372343,0.47518286605906496
A1,2021,0.519784173071066,0.23433314519087664
Arrozal del Turismo,2021,-0.2152167740456504,0.38237597903607934
Caracoles Oeste,2021,-0.5090927570138438,0.06851423979182802
Caracoles Este,2021,-0.4897016341266039,0.04953105540309336
Veta hornito,2021,-0.3781761419068484,0.22351325435875705
Guadiamar encauzado,2021,-0.445766112114952,0.03670563838837831
Lucios FAO,2021,0.41961956585405913,0.8125351912126909
Lucio del Lobo Grande,2021,-0.3746951906044979,0
Lucio de Marilópez Grande,2021,-0.2120578866609785,0.0638993866323302
Marisma gallega,2021,-0.399063981321907,0.07486077175564017
Laguna de los Guayules,2021,-0.5265253774404524,0.29868192107888253
Laguna Dulce,2021,-0.247345612468802,0.3259702470472732
Laguna de los Mimbrales,2021,-0.44010717934258664,0.20478220692368754
Las Pajas (RBD),2021,-0.47948957101606454,0.26753124815434065
Laguna de Santa Olalla,2021,-0.15292993142820288,0.2618168298651182
Laguna del Acebuche,2022,-0.5115386202081205,0.16640562696696454
Pajas (Acebuche),2022,-0.48357051541033297,1
El Huerto,2022,-0.4962396650033544,0.6284489406189661
La Rocina,2022,-0.15018868096981677,0.37443490874352164
Los Mimbrales (Parque Nacional),2022,-0.475133111614922,0.4713385257711205
Charco del Toro,2022,-0.48838089052051625,1
Zahíllo,2022,-0.4863139915792703,0.49784719552922757
El Taraje,2022,-0.4595774675420747,1
La Sanguijuela,2022,-0.5351477376492964,0.23764919731059223
Hato Blanco nuevo,2022,-0.090312207985251,0.489692472077264
Hato Blanco viejo,2022,-0.1319415679265688,0.3266866699233324
Entremuros zona 1,2022,-0.4396196178034909,0.010189844619335506
Entremuros zona 2,2022,-0.5018936049510159,0.012469950550959851
Entremuros zona 3,2022,-0.39604197812690584,0.08000594279234649
Entremuros zona 4,2022,-0.4545730420865298,0.09917864106810372
Entremuros zona 5,2022,-0.5139341971456022,0.06384392244578789
"Brazo de la Torre, Parque Natural",2022,-0.4073188146320114,0.1529362826243269
Veta Adalid,2022,-0.330533389987328,0.1313911878496222
Cantarita,2022,-0.2120597342040388,0.0846843263091661
Lucio del Cortijo,2022,-0.19164675045837423,0.2315015339589651
Gaveta 3,2022,0.6892873299461242,0.6062832538997546
C1,2022,-0.03350305217265551,0.054369902947303976
C8,2022,0.4751746933368948,0.863455790393958
C7,2022,0.5463995445881358,0.6542501977641015
C6,2022,0.5658491553029823,0
D5,2022,0.6212430443267665,0.4010509321765235
C4,2022,0.5133901126658471,0.5222312286165769
E3,2022,0.27769022686264355,0.09230185615222761
E4,2022,0.5581341943053763,0.5115926612563234
D6,2022,0.5737062105037053,0.8475799120290414
C5,2022,0.5752470498045757,0.843465776144449
D4,2022,0.617474126633175,0.2797317736706399
D3,2022,0.5093175752800397,0.21560209108770673
C3,2022,0.47442045215353223,0.6602569950224275
C2,2022,-0.09673379775302826,0.20804383333986684
C0,2022,0.21000768005999085,0.5832458021031746
La Dehesilla,2022,0.5845336143935813,0
San Carlos,2022,0.13507849165008567,0.680960902063183
Santa Teresa,2022,0.38829470518348513,0.3007041164708014
Los Portugueses,2022,0.5628442210712264,0.03714065707810524
Los Riacheros,2022,-0.17914303599262948,0.4419398394614417
Laguna del Tarelo,2022,0.2998841723503406,0.610443442322216
Marisma de Henares,2022,-0.17318515354424804,0.16983709934586716
Lagunas de Bonanza,2022,-0.13766087303144356,0.5505174003596963
Lucio del Cuquero Grande,2022,-0.11497350804593548,0.10891211477423286
Esparragosilla,2022,0.00893043412664374,0.18699516171780406
Marisma del Rocío,2022,0.0300895046667517,0
Lucio del Bocón,2022,-0.09756916948688736,0.29986678986718956
Gaveta 1,2022,0.6151866104056564,0.1802046667054872
Gaveta 4,2022,0.6969265798062277,0.4766563320796479
Gaveta 2,2022,0.6527480629901209,0.49279072995276085
Arrozal de Tarfia,2022,-0.18952469596156804,0.17466107816918108
Lucio del Cuquero Chico,2022,-0.234685447382738,0.28007933345844194
Almajal-Perimetro-Pasto,2022,-0.2580735922016308,0.2732640460163982
Arrozal del italiano,2022,-0.20000437366371143,0.1613936766757266
B5,2022,0.4497093968190125,0.6780734008819281
B9,2022,-0.3559750015057783,0.3623657733360275
B1,2022,0.4885374440211819,0.32615286565282864
A3,2022,0.5495603415117446,0.036421446029915275
B6,2022,0.5002800153947768,0
B8,2022,0.5202521574098294,0.8058222619964527
A9,2022,-0.3678283145975661,0.45860493037599087
B7,2022,0.3496179456325557,0
A4,2022,0.4472746103067852,0.013176188994947989
B2,2022,0.5008189995493528,0.7732300499749396
A8,2022,0.5480655229118382,0.7952674814080132
A7,2022,0.5438425046147904,0.5493779380980287
A6,2022,0.46609897621035074,0
A5,2022,0.38645614522256977,0.34101025958773973
B4,2022,0.47605855582218176,0.5669806833779176
B3,2022,0.5478798729931349,0.825423070649359
A2,2022,0.5256885593629401,0.295505364502484
A1,2022,0.5217731539582012,0.24228927287626661
Arrozal del Turismo,2022,-0.19665051028247357,0.4154071256077082
Caracoles Oeste,2022,-0.49422045959983835,0.0866346190332572
Caracoles Este,2022,-0.4770218629585736,0.06387587253134963
Veta hornito,2022,-0.33440199025026174,0.3443673005072502
Guadiamar encauzado,2022,-0.45100065612415424,0.03289130549992721
Lucios FAO,2022,0.1896519537511802,0.4852292041627918
Lucio del Lobo Grande,2022,-0.32499487848155545,0.03830410957581392
Lucio de Marilópez Grande,2022,-0.21279705565059137,0.06330984337577278
Marisma gallega,2022,-0.3618361829696846,0.1089969997158145
Laguna de los Guayules,2022,-0.48245274177579295,0.46539944823198015
Laguna Dulce,2022,-0.33591218836051023,0.032752551109235147
Laguna de los Mimbrales,2022,-0.35265835086667113,0.37254625216290577
Las Pajas (RBD),2022,-0.476686692038988,0.2805402040911943
Laguna de Santa Olalla,2022,-0.24159548783804233,0.01913216607954342
Laguna del Acebuche,2023,-0.5514083566792017,0.02852551329908274
Pajas (Acebuche),2023,-0.5367189044436735,0.5466545051823728
El Huerto,2023,-0.5684365516565796,0.20439855894539152
La Rocina,2023,-0.1513600610425454,0.37142020225540306
Los Mimbrales (Parque Nacional),2023,-0.5484473065766758,0.0378137292867653
Charco del Toro,2023,-0.5859470823334022,0.29429194553685956
Zahíllo,2023,-0.560376326321304,0.13616047359107886
El Taraje,2023,-0.5534445541266888,0.20357353948663764
La Sanguijuela,2023,-0.5806879992263685,0.09415330406084561
Hato Blanco nuevo,2023,-0.19352406179100687,0.21532048725190545
Hato Blanco viejo,2023,0.02101189583907483,0.5496753207245303
Entremuros zona 1,2023,-0.44798992428914897,0
Entremuros zona 2,2023,-0.5137941681744466,0
Entremuros zona 3,2023,-0.4250523438277579,0.052657618246951
Entremuros zona 4,2023,-0.5206694256720571,0.02367152657318119
Entremuros zona 5,2023,-0.5450749764773841,0
"Brazo de la Torre, Parque Natural",2023,-0.4797756955739704,0.009472800848321465
Veta Adalid,2023,-0.36000252425026347,0.08363162533151522
Cantarita,2023,-0.2823042439947873,0
Lucio del Cortijo,2023,-0.31413913342842414,0.1018746903562454
Gaveta 3,2023,0.7266942021706766,0.8115118006576237
C1,2023,0.05705565758889204,0.18840530481575735
C8,2023,0.5636114266825124,0.9750817639877462
C7,2023,0.6232379936532623,0.8629724497077917
C6,2023,0.6394909982830749,0.4866182489545202
D5,2023,0.5211934539406071,0
C4,2023,0.6010577797209176,0.7549048801115028
E3,2023,0.3256673239185506,0.2111796422243847
E4,2023,0.611300948225009,0.6753876813064494
D6,2023,0.6474406548796943,0.939374969000658
C5,2023,0.6448816196060237,0.9295509288408282
D4,2023,0.6655664530974816,0.4643821261790467
D3,2023,0.6342024247837165,0.6448377724307839
C3,2023,0.5321718920360511,0.7449222272362463
C2,2023,-0.08934936316131091,0.21822453362724245
C0,2023,0.2143319824809292,0.5889120361722217
La Dehesilla,2023,0.5900825570492849,0.04308733074734498
San Carlos,2023,0.089535879574997,0.5871741545279858
Santa Teresa,2023,0.4482316512545922,0.4815303363956506
Los Portugueses,2023,0.55317394317383,0
Los Riacheros,2023,-0.2573426823534125,0.14791791440291255
Laguna del Tarelo,2023,0.3287698316769747,0.6737595543190584
Marisma de Henares,2023,-0.222362290526094,0.07632368379145996
Lagunas de Bonanza,2023,-0.19305855622054977,0.2687116752664614
Lucio del Cuquero Grande,2023,0.0652533389985648,0.2721436095962123
Esparragosilla,2023,0.1345099319111809,0.42462605736098924
Marisma del Rocío,2023,0.4094984353378838,0.6253330425518414
Lucio del Bocón,2023,-0.1028338259764334,0.2923195015055911
Gaveta 1,2023,0.6603592644107663,0.5613666378216567
Gaveta 4,2023,0.7192117448839339,0.5904411882518827
Gaveta 2,2023,0.6873263630432087,0.7071364858016578
Arrozal de Tarfia,2023,-0.28244911796676997,0.05077565848225303
Lucio del Cuquero Chico,2023,-0.2655797058959971,0.23554348679779183
Almajal-Perimetro-Pasto,2023,-0.3207977536363249,0.1561701875580163
Arrozal del italiano,2023,-0.26930414395720903,0.08739374243309808
B5,2023,0.5800005257370391,0.8695262986487008
B9,2023,-0.4311336822262567,0.12903291990884433
B1,2023,0.5717083408694721,0.7651848847084002
A3,2023,0.640563323573297,0.48141380072621887
B6,2023,0.6614657767970042,0.7481385399922372
B8,2023,0.616655402371417,0.9187045918729843
A9,2023,-0.4609621675068095,0
B7,2023,0.6786667743755708,0.7711134959873354
A4,2023,0.5940565526531424,0.6016262746792254
B2,2023,0.5630159750627111,0.8598549164403203
A8,2023,0.6394492384165841,0.8974148534477598
A7,2023,0.6514976121126803,0.7903649019183082
A6,2023,0.6664957352843323,0.6555948603162278
A5,2023,0.5297964889373936,0.6645918191698923
B4,2023,0.6034844852843296,0.8255701261949369
B3,2023,0.5950404733851954,0.8917926804606032
A2,2023,0.6127353684374209,0.7066085757874929
A1,2023,0.6425803346617847,0.7255303946016931
Arrozal del Turismo,2023,-0.26402814806081254,0.2955359087869888
Caracoles Oeste,2023,-0.5050122523472413,0.07348591901508157
Caracoles Este,2023,-0.4898337758950365,0.049381561419483494
Veta hornito,2023,-0.3610388277775656,0.27082687836430486
Guadiamar encauzado,2023,-0.49613855866034307,0
Lucios FAO,2023,0.33929601783138563,0.6982131006865268
Lucio del Lobo Grande,2023,-0.3504634798562667,0.018675418001675215
Lucio de Marilópez Grande,2023,-0.2921749001770184,0
Marisma gallega,2023,-0.38338502427019705,0.08923767492437142
Laguna de los Guayules,2023,-0.5489670412877026,0.21378981863503516
Laguna Dulce,2023,-0.34580511550524884,0
Laguna de los Mimbrales,2023,-0.45410942397315385,0.1779199465298843
Las Pajas (RBD),2023,-0.5202864394840923,0.07818141585592907
Laguna de Santa Olalla,2023,-0.2485854810428334,0
Laguna del Acebuche,2024,-0.5295979054740287,0.1039518330466004
Pajas (Acebuche),2024,-0.5234815617427047,0.6595664821206897
El Huerto,2024,-0.5462841479866072,0.334511305722946
La Rocina,2024,-0.14795005937911518,0.3801963069361763
Los Mimbrales (Parque Nacional),2024,-0.5459712186181672,0.05245544401676816
Charco del Toro,2024,-0.5630337280286574,0.46002700588068707
Zahíllo,2024,-0.5467097708082971,0.20290170826727674
El Taraje,2024,-0.5514573710680701,0.22043403049954607
La Sanguijuela,2024,-0.5569554415830558,0.1689338266181165
Hato Blanco nuevo,2024,-0.2671729030160692,0.01953697981643348
Hato Blanco viejo,2024,-0.2100364529436468,0.21283326238549996
Entremuros zona 1,2024,-0.3918710713350288,0.06831797530922362
Entremuros zona 2,2024,-0.4600111508581072,0.056356287834823035
Entremuros zona 3,2024,-0.40434445786259576,0.07217912279688023
Entremuros zona 4,2024,-0.4484070627933635,0.10622252575901099
Entremuros zona 5,2024,-0.49824566170317,0.09600810271254172
"Brazo de la Torre, Parque Natural",2024,-0.4845599765265641,0
Veta Adalid,2024,-0.41160583603913414,0
Cantarita,2024,-0.1936346785629326,0.10689692952647092
Lucio del Cortijo,2024,-0.23857803423084767,0.18183677902365836
Gaveta 3,2024,0.761049822283091,1
C1,2024,0.13959043684675407,0.3105645353865196
C8,2024,0.5833531348415666,1
C7,2024,0.6544922898812208,0.9478709239870623
C6,2024,0.7056921769776997,0.9240693005776055
D5,2024,0.7274892936461549,0.8269413047941274
C4,2024,0.6872112370162003,0.9835597556337804
E3,2024,0.6242475433900336,0.9510025501078562
E4,2024,0.6946694528133209,0.9322276211913084
D6,2024,0.6961377538683227,1
C5,2024,0.6995160008141498,0.9970922242374134
D4,2024,0.7614847825018745,0.8326602827719431
D3,2024,0.7012096443709603,0.8751450488437569
C3,2024,0.6233119740004892,0.8785361461134683
C2,2024,-0.0096459794758942,0.3281092175678471
C0,2024,0.2840042943042747,0.6802052873128406
La Dehesilla,2024,0.6458057204742942,0.4757755961980338
San Carlos,2024,0.2445923731314323,0.9064848737044287
Santa Teresa,2024,0.5874744036430788,0.9016174815843733
Los Portugueses,2024,0.6372309546006842,0.32283794421830203
Los Riacheros,2024,-0.18069282202024517,0.4361128173139746
Laguna del Tarelo,2024,0.25271342229101956,0.5070472047650845
Marisma de Henares,2024,-0.07414440207603011,0.35816931055790296
Lagunas de Bonanza,2024,-0.12859617793307973,0.5966291297297405
Lucio del Cuquero Grande,2024,0.5561594081808026,0.7167573439196745
Esparragosilla,2024,0.23585286355742835,0.6163947141804558
Marisma del Rocío,2024,0.4107514648325776,0.6273982568443411
Lucio del Bocón,2024,0.2539272167563932,0.80376378491436
Gaveta 1,2024,0.7112347241047816,0.9906482668403658
Gaveta 4,2024,0.7875272225519682,0.9392502176528401
Gaveta 2,2024,0.7283442029139927,0.9613999943285062
Arrozal de Tarfia,2024,-0.2811799893582488,0.05246764135296201
Lucio del Cuquero Chico,2024,0.1818929540000725,0.8806010063822709
Almajal-Perimetro-Pasto,2024,-0.2688732370372335,0.25310320121821817
Arrozal del italiano,2024,-0.35114700419334627,0
B5,2024,0.6533768544239791,0.9773472291392201
B9,2024,-0.3414216352575008,0.40754722730952986
B1,2024,0.5967368830514223,0.8973023900444631
A3,2024,0.7129403158490389,0.8353275680446822
B6,2024,0.7157290970633938,1
B8,2024,0.680444001962088,0.9933971579191297
A9,2024,-0.3605637250161309,0.4943768489118941
B7,2024,0.7594428085417521,0.9604090796726449
A4,2024,0.6934261858724852,1
B2,2024,0.6388203178611725,0.9654314499970421
A8,2024,0.6979715582125455,0.9628302410779187
A7,2024,0.7451470305772655,1
A6,2024,0.717967734309623,0.8239846993890483
A5,2024,0.6044819022524942,0.833189311628944
B4,2024,0.6786264171880828,0.9780580098242881
B3,2024,0.6719299137601926,1
A2,2024,0.6748579366549935,1
A1,2024,0.7008419640504036,0.9585828917739257
Arrozal del Turismo,2024,-0.22982564080444395,0.3563854175903154
Caracoles Oeste,2024,-0.4687859312188121,0.11762400065072456
Caracoles Este,2024,-0.4361549682046134,0.11010920940128612
Veta hornito,2024,-0.34257165735359457,0.3218120415756828
Guadiamar encauzado,2024,-0.3735354793331857,0.08933900581995961
Lucios FAO,2024,0.03442462565823905,0.2642988158616357
Lucio del Lobo Grande,2024,-0.09082084516506723,0.2187824093856143
Lucio de Marilópez Grande,2024,-0.16042541520047,0.10508019345280974
Marisma gallega,2024,-0.32971413705928104,0.13845148078316621
Laguna de los Guayules,2024,-0.4813143157706536,0.4697058747835423
Laguna Dulce,2024,-0.31543602966807616,0.10054304671107823
Laguna de los Mimbrales,2024,-0.46075027742397034,0.16517996523834952
Las Pajas (RBD),2024,-0.4900738551900345,0.21840658470350324
Laguna de Santa Olalla,2024,-0.17758501250496125,0.19433391649950377
Laguna del Acebuche,2025,-0.5394332293139948,0.06993867697774674
Pajas (Acebuche),2025,-0.5156529517524832,0.7263430135321087
El Huerto,2025,-0.5188157798137821,0.4958475149085868
La Rocina,2025,-0.03409291225768504,0.6732232143737293
Los Mimbrales (Parque Nacional),2025,-0.5466347690512576,0.04853170773878416
Charco del Toro,2025,-0.5603184505557711,0.4796669359334358
Zahíllo,2025,-0.5415242837763748,0.22822526595366832
El Taraje,2025,-0.5489517591982588,0.24169319242202994
La Sanguijuela,2025,-0.5424430399361992,0.21466193544749615
Hato Blanco nuevo,2025,-0.2150222103578957,0.15817114369424926
Hato Blanco viejo,2025,-0.0427839825520038,0.4566682289014859
Entremuros zona 1,2025,-0.1960952090038027,0.30665161587421114
Entremuros zona 2,2025,-0.12377754892238564,0.4086771243356069
Entremuros zona 3,2025,-0.08420701706278783,0.3739754779482504
Entremuros zona 4,2025,-0.11365386805873531,0.4886375147676268
Entremuros zona 5,2025,-0.26058299990418965,0.5832571977494116
"Brazo de la Torre, Parque Natural",2025,-0.4373833784212546,0.0934089203750925
Veta Adalid,2025,-0.3955119612909197,0.0260827620634474
Cantarita,2025,-0.06912637245940804,0.2569997924218297
Lucio del Cortijo,2025,-0.207241133600723,0.21499886974703294
Gaveta 3,2025,0.760206090933374,0.9953709639844512
C1,2025,0.16769081445363054,0.3521557353396826
C8,2025,0.5727177937206035,0.9865759366926189
C7,2025,0.6736829478715957,1
C6,2025,0.7171830667177497,1
D5,2025,0.7515684428060381,0.9234630914332922
C4,2025,0.6864148896438473,0.98144621643275
E3,2025,0.6260215452563731,0.9553981769235547
E4,2025,0.7166679078674926,1
D6,2025,0.6956202305100773,0.9993557137840215
C5,2025,0.7018681104168468,1
D4,2025,0.7519378387794358,0.7960048191392037
D3,2025,0.7293050658404864,0.9717104643046441
C3,2025,0.6571615303691316,0.9281605460611716
C2,2025,0.02829988383449976,0.3804240504383486
C0,2025,0.3347100001624367,0.7466461533904384
La Dehesilla,2025,0.6500338862867506,0.5086071444982616
San Carlos,2025,0.29000308660599655,1
Santa Teresa,2025,0.5764528532722475,0.8683661162427969
Los Portugueses,2025,0.6124324083930112,0.22759411456758427
Los Riacheros,2025,-0.10175393821181496,0.7329141925049226
Laguna del Tarelo,2025,0.26898783089435907,0.5427200023342681
Marisma de Henares,2025,-0.00211131184185094,0.49514475716073325
Lagunas de Bonanza,2025,-0.2200456287589163,0.13142955249505933
Lucio del Cuquero Grande,2025,0.4887914923005745,0.6557422077593232
Esparragosilla,2025,0.23898802810323688,0.6223273064598699
Marisma del Rocío,2025,0.44385967376581953,0.6819664426512587
Lucio del Bocón,2025,0.11280905577461184,0.6014600911970482
Gaveta 1,2025,0.6842503951601792,0.7629574163402315
Gaveta 4,2025,0.7571921029323581,0.7843634483222465
Gaveta 2,2025,0.7345711635219775,1
Arrozal de Tarfia,2025,-0.23776659469365233,0.11034571583543441
Lucio del Cuquero Chico,2025,0.10047188324394384,0.7632278601523774
Almajal-Perimetro-Pasto,2025,-0.2489162213758774,0.29035908337992017
Arrozal del italiano,2025,-0.28891310143414345,0.0664548337222304
B5,2025,0.6687929443500132,1
B9,2025,-0.3292918761299554,0.4452045049717151
B1,2025,0.596551798222011,0.8963253876381863
A3,2025,0.684557634970726,0.6965400721789805
B6,2025,0.7131093157102979,0.9878403689038442
B8,2025,0.686082930599201,1
A9,2025,-0.36558731095708275,0.46963996528985524
B7,2025,0.7763370089809416,1
A4,2025,0.6377194857587096,0.7766713539068172
B2,2025,0.6262990447953447,0.9479924411328419
A8,2025,0.7312245984708281,1
A7,2025,0.6452804884684737,0.776447812561986
A6,2025,0.6120100127485494,0.4773456719554112
A5,2025,0.5498075823689887,0.7097655689581738
B4,2025,0.688738513111291,0.9985788038379697
B3,2025,0.6510451817767993,0.9706086966402663
A2,2025,0.6447609791747418,0.8578585935361167
A1,2025,0.686693695496599,0.9019883654668459
Arrozal del Turismo,2025,-0.20864925304996773,0.39406022263984064
Caracoles Oeste,2025,-0.4559225704763484,0.13329669522400897
Caracoles Este,2025,-0.24691139939251364,0.3242033244554026
Veta hornito,2025,-0.3394931400976403,0.3303113785688657
Guadiamar encauzado,2025,-0.01282268447337619,0.3521849527257664
Lucios FAO,2025,-0.15127368103375763,0
Lucio del Lobo Grande,2025,0.13144556887237296,0.39008348808413756
Lucio de Marilópez Grande,2025,0.00613772928017502,0.23792691727302007
Marisma gallega,2025,-0.27887633015442476,0.18506747856741068
Laguna de los Guayules,2025,-0.4836047189446054,0.4610417604734684
Laguna Dulce,2025,-0.26377774731545417,0.27156831640280776
Laguna de los Mimbrales,2025,-0.4746327753587862,0.13854742993558983
Las Pajas (RBD),2025,-0.48450551582215584,0.2442508263103012
Laguna de Santa Olalla,2025,-0.10409687803228396,0.39547677206671544
